Model,Device number,Pipeline parallelism,Tensor parallelism,Channels per device,Banks per device,Channels per block,Sequence length,PIM latency,CXL latency,Acc latency,TransformerBlock latency,Embedding latency,Token latency (ms),Throughput (tokens/s),Token energy (mJ),Total power (W),Device utilization
Llama2-70B,32,1,32,32,16,32,2304,0.0622655,0.024571346435546874,0.018247000000000003,0.10508384643554687,0.0100335,8.56674121484375,116.7305017066795,1784.3155836962214,358.20710981527094,1.0
Llama2-70B,32,1,32,32,16,32,6400,0.116726,0.024571346435546874,0.046407,0.18770434643554687,0.0100335,15.176381214843751,65.89186090172258,1824.0384773458084,195.3333530389339,1.0
Llama2-70B,32,1,32,32,16,32,14592,0.227238,0.024571346435546874,0.10272699999999998,0.3545363464355469,0.0100335,28.522941214843748,35.05949798331407,1904.747040925097,104.77709719133118,1.0
Llama2-70B,32,1,32,32,16,32,30976,0.45223,0.024571346435546874,0.21536700000000003,0.6921683464355469,0.0100335,55.53350121484375,18.007148444166642,2072.8456962253017,57.29511797717151,1.0
Llama2-70B,32,2,16,32,16,32,2304,0.0660295,0.023975299987792967,0.018247000000000003,0.10825179998779297,0.0118815,8.822025499023438,226.70530709998422,1102.2323780766076,417.3257324667792,1.0
Llama2-70B,32,2,16,32,16,32,6400,0.12049,0.023975299987792967,0.046407,0.19087229998779298,0.0118815,15.431665499023438,129.6036387081204,1140.2946407094578,236.59528606304622,1.0
Llama2-70B,32,2,16,32,16,32,14592,0.23497,0.023975299987792967,0.10272699999999998,0.36167229998779293,0.0118815,29.095665499023433,68.73876110746214,1224.3634703968987,130.2680629864343,1.0
Llama2-70B,32,2,16,32,16,32,30976,0.463314,0.023975299987792967,0.21536700000000003,0.702656299987793,0.0118815,56.37438549902344,35.47710511247427,1391.068018912698,75.06075895141836,1.0
Llama2-70B,32,4,8,32,16,32,2304,0.0767575,0.022723602447509764,0.018247000000000003,0.11772810244750977,0.0192255,9.587473695800782,417.211053392716,845.4131026233849,550.7039068647265,1.0
Llama2-70B,32,4,8,32,16,32,6400,0.135186,0.022723602447509764,0.046407,0.20431660244750977,0.0192255,16.51455369580078,242.21060245891448,889.3265778894926,328.92702568664384,1.0
Llama2-70B,32,4,8,32,16,32,14592,0.253018,0.022723602447509764,0.10272699999999998,0.3784686024475098,0.0192255,30.446713695800785,131.37706880173673,976.9831938427401,193.065946660463,1.0
Llama2-70B,32,4,8,32,16,32,30976,0.488682,0.022723602447509764,0.21536700000000003,0.7267726024475099,0.0192255,58.31103369580079,68.59765204759277,1152.1108697802947,117.87940519400082,1.0
Llama2-70B,32,8,4,32,16,32,2304,0.103268,0.02129309097290039,0.018247000000000003,0.1428080909729004,0.0339135,11.608560777832032,689.1465835521126,747.3956580115499,723.7437134558139,1.0
Llama2-70B,32,8,4,32,16,32,6400,0.1658,0.02129309097290039,0.046407,0.2335000909729004,0.0339135,18.863920777832032,424.08999137661846,796.5587569035688,480.4335083857472,1.0
Llama2-70B,32,8,4,32,16,32,14592,0.290996,0.02129309097290039,0.10272699999999998,0.4150160909729004,0.0339135,33.385200777832026,239.62713458689302,895.2516928617124,307.650858727169,1.0
Llama2-70B,32,8,4,32,16,32,30976,0.5413,0.02129309097290039,0.21536700000000003,0.7779600909729005,0.0339135,62.42072077783204,128.1625700618488,1092.3930726619296,201.8091765494049,1.0
Llama2-70B,32,16,2,32,16,32,2304,0.153856,0.018461870346069335,0.018247000000000003,0.19056487034606934,0.0632895,15.458479127685548,1035.0306694365947,701.4949980210207,911.8851367785729,1.0
Llama2-70B,32,16,2,32,16,32,6400,0.223752,0.018461870346069335,0.046407,0.2886208703460693,0.0632895,23.302959127685543,686.6080789280912,762.4099315336828,681.4776462634369,1.0
Llama2-70B,32,16,2,32,16,32,14592,0.363544,0.018461870346069335,0.10272699999999998,0.48473287034606927,0.0632895,38.99191912768554,410.34143376234783,884.2397985590071,486.45544889147214,1.0
Llama2-70B,32,16,2,32,16,32,30976,0.643128,0.018461870346069335,0.21536700000000003,0.8769568703460695,0.0632895,70.36983912768557,227.3701375239485,1127.8995326096554,350.75429233672156,1.0
Llama2-70B,32,32,1,32,16,32,2304,0.259529,0.01302294651031494,0.018247000000000003,0.29079894651031496,0.1213375,23.535253220825194,1359.6624476376896,699.4321225730938,1078.0022619022832,1.0
Llama2-70B,32,32,1,32,16,32,6400,0.347233,0.01302294651031494,0.046407,0.4066629465103149,0.1213375,32.8043732208252,975.4796954841814,792.1071749873854,912.479142232893,1.0
Llama2-70B,32,32,1,32,16,32,14592,0.522641,0.01302294651031494,0.10272699999999998,0.638390946510315,0.1213375,51.3426132208252,623.2639515711367,977.4572798159685,748.0907772761557,1.0
Llama2-70B,32,32,1,32,16,32,30976,0.873457,0.01302294651031494,0.21536700000000003,1.1018469465103151,0.1213375,88.41909322082522,361.91278189293945,1348.157489473134,617.3892885273729,1.0
Llama2-70B,32,80,1,32,16,10,2304,0.8123865,0.0014614998626708,0.054741,0.8685889998626709,0.382366,70.01948598901369,1142.5390927970006,698.6728119611188,860.0251382329952,0.84375
Llama2-70B,32,80,1,32,16,10,6400,1.0829745,0.0014614998626708,0.1392209999999999,1.223656999862671,0.382366,98.42492598901369,812.8022367924331,791.066947222292,730.457593620433,0.84375
Llama2-70B,32,80,1,32,16,10,14592,1.6307665,0.0014614998626708,0.3081809999999999,1.940408999862671,0.382366,155.76508598901367,513.5939128595385,979.6513785703576,600.730624875086,0.84375
Llama2-70B,32,80,1,32,16,10,30976,2.7197345,0.0014614998626708,0.646101,3.3672969998626705,0.382366,269.9161259890136,296.3883677081829,1352.8707497411683,497.4275061559019,0.84375
