Memory,Model,Sequence length,Pipeline parallelism,Tensor parallelism,Token latency (ms),Throughput (tokens/s)
GDDR6,Llama2-7B,4096,8,1,4.036864558268229,1981.7360440331229
LPDDR4,Llama2-7B,4096,8,1,11.16203205826823,716.7153756805449
GDDR6,Llama2-7B,4096,4,2,3.0553384788411453,1309.183917821489
LPDDR4,Llama2-7B,4096,4,2,7.026651478841147,569.261192481926
GDDR6,Llama2-7B,4096,2,4,2.581999439127604,774.5935067575973
LPDDR4,Llama2-7B,4096,2,4,4.899988439127604,408.1642283131756
GDDR6,Llama2-7B,4096,1,8,2.332227159342448,428.7746997517779
LPDDR4,Llama2-7B,4096,1,8,3.899359159342448,256.45239618518
GDDR6,Llama2-13B,4096,20,1,6.964683559640068,2871.630825540851
LPDDR4,Llama2-13B,4096,20,1,20.453870559640063,977.8100404851662
GDDR6,Llama2-13B,4096,10,2,5.2332473394601005,1910.8594246248012
LPDDR4,Llama2-13B,4096,10,2,12.7304063394601,785.5208807438667
GDDR6,Llama2-13B,4096,5,4,4.4291977141462056,1128.8726136633586
LPDDR4,Llama2-13B,4096,5,4,8.945009714146206,558.9708854192392
GDDR6,Llama2-13B,4096,4,5,4.226587977608817,946.3898589573406
LPDDR4,Llama2-13B,4096,4,5,8.253017977608817,484.6711846323807
GDDR6,Llama2-13B,4096,2,10,3.854096237548829,518.928401557503
LPDDR4,Llama2-13B,4096,2,10,6.709211237548829,298.097634608191
GDDR6,Llama2-13B,4096,1,20,3.815702872593471,262.0749134275008
LPDDR4,Llama2-13B,4096,1,20,5.832799372593472,171.44426477253648
GDDR6,Llama2-70B,4096,32,1,29.594173220825194,1081.2939344925455
LPDDR4,Llama2-70B,4096,32,1,99.40548422082519,321.91382850581283
GDDR6,Llama2-70B,4096,16,2,21.238759127685544,753.3396797717519
LPDDR4,Llama2-70B,4096,16,2,61.396823627685556,260.59980068390945
GDDR6,Llama2-70B,4096,8,4,17.152360777832033,466.4080999473448
LPDDR4,Llama2-70B,4096,8,4,42.42258227783203,188.57880804159367
GDDR6,Llama2-70B,4096,4,8,15.120433695800783,264.5426765179938
LPDDR4,Llama2-70B,4096,4,8,33.039401195800785,121.06756948453378
GDDR6,Llama2-70B,4096,2,16,14.354985499023437,139.32441799652526
LPDDR4,Llama2-70B,4096,2,16,28.47902249902344,70.22712946234657
GDDR6,Llama2-70B,4096,1,32,14.099701214843751,70.92348871529485
LPDDR4,Llama2-70B,4096,1,32,26.622596214843746,37.562076663373574
