Memory,Model,Context length,Sequence length,Pipeline parallelism,Tensor parallelism,Token latency (ms),Throughput (tokens/s),Is geomean
GDDR6,Llama2-7B,1K,1024,32,1,9.059274443956165,3532.2917081233354,False
LPDDR4,Llama2-7B,1K,1024,32,1,31.668312443956165,1010.4737995316556,False
GDDR6,Llama2-7B,2K,2048,32,1,10.921754443956164,2929.932197634056,False
LPDDR4,Llama2-7B,2K,2048,32,1,34.75712844395616,920.6744467281908,False
GDDR6,Llama2-7B,3K,3072,32,1,12.783322443956164,2503.261584794749,False
LPDDR4,Llama2-7B,3K,3072,32,1,37.835432443956165,845.7680521400167,False
GDDR6,Llama2-7B,4K,4096,32,1,14.644890443956164,2185.062436790448,False
LPDDR4,Llama2-7B,4K,4096,32,1,40.90362444395616,782.3267604034601,False
GDDR6,Llama2-7B,Geomean,,32,1,,2742.9699796932423,True
LPDDR4,Llama2-7B,Geomean,,32,1,,885.7632390607233,True
GDDR6,Llama2-13B,1K,1024,40,1,8.390771790387836,4767.141926779912,False
LPDDR4,Llama2-13B,1K,1024,40,1,30.37535229038784,1316.857155024926,False
GDDR6,Llama2-13B,2K,2048,40,1,9.873751790387836,4051.144980061204,False
LPDDR4,Llama2-13B,2K,2048,40,1,33.072132290387835,1209.4775035604737,False
GDDR6,Llama2-13B,3K,3072,40,1,11.355591790387836,3522.493652321915,False
LPDDR4,Llama2-13B,3K,3072,40,1,35.75985229038784,1118.5728530190795,False
GDDR6,Llama2-13B,4K,4096,40,1,12.837431790387834,3115.8880259796533,False
LPDDR4,Llama2-13B,4K,4096,40,1,38.43135229038784,1040.8168751846003,False
GDDR6,Llama2-13B,Geomean,,40,1,,3815.636392044659,True
LPDDR4,Llama2-13B,Geomean,,40,1,,1166.9272072979634,True
GDDR6,Llama2-70B,1K,1024,80,1,60.77852598901367,1316.2543628396122,False
LPDDR4,Llama2-70B,1K,1024,80,1,240.34617698901368,332.8532244707052,False
GDDR6,Llama2-70B,2K,2048,80,1,67.81372598901368,1179.7021743497858,False
LPDDR4,Llama2-70B,2K,2048,80,1,253.15705698901368,316.00936174365376,False
GDDR6,Llama2-70B,3K,3072,80,1,75.11356598901368,1065.053947933999,False
LPDDR4,Llama2-70B,3K,3072,80,1,265.9753769890136,300.7797221894885,False
GDDR6,Llama2-70B,4K,4096,80,1,82.14876598901367,973.842991271457,False
LPDDR4,Llama2-70B,4K,4096,80,1,278.6649769890136,287.0830804229625,False
GDDR6,Llama2-70B,Geomean,,80,1,,1126.5311066021027,True
LPDDR4,Llama2-70B,Geomean,,80,1,,308.71108005223476,True
