case,memory,nccd,model,context,context_window,active_sequence_length,mode,dram_energy_model,timing_source,source_csv,pipeline_parallelism,tensor_parallelism,channels_per_device,banks_per_device,channels_per_block,device_count,utilized_device_count,memory_system_cycles,pim_latency_ms,token_latency_ms,trace_throughput_tokens_s,throughput_tokens_s,max_resident_microbatch,microbatch_used_for_throughput,pipeline_fill_ratio,csv_token_energy_mJ,ACT/PRE,RD,WR,PIM,ACT_STBY,PRE_STBY,DQ_IO,CTRL_PHY,SRAM_STT,ACCEL_STT,SRAM_DYN,ACCEL_DYN,PCIe,total_mJ,ACT_PRE_W,RD_W,WR_W,PIM_W,ACT_STBY_W,PRE_STBY_W,DQ_IO_W,CTRL_PHY_W,SRAM_STT_W,ACCEL_STT_W,SRAM_DYN_W,ACCEL_DYN_W,PCIe_W,total_W,ACT_PRE_latency_normalized_W,RD_latency_normalized_W,WR_latency_normalized_W,PIM_latency_normalized_W,ACT_STBY_latency_normalized_W,PRE_STBY_latency_normalized_W,DQ_IO_latency_normalized_W,CTRL_PHY_latency_normalized_W,SRAM_STT_latency_normalized_W,ACCEL_STT_latency_normalized_W,SRAM_DYN_latency_normalized_W,ACCEL_DYN_latency_normalized_W,PCIe_latency_normalized_W,latency_normalized_total_W,ACT_PRE_per_device_W,RD_per_device_W,WR_per_device_W,PIM_per_device_W,ACT_STBY_per_device_W,PRE_STBY_per_device_W,DQ_IO_per_device_W,CTRL_PHY_per_device_W,SRAM_STT_per_device_W,ACCEL_STT_per_device_W,SRAM_DYN_per_device_W,ACCEL_DYN_per_device_W,PCIe_per_device_W,average_provisioned_device_W,average_active_device_W,energy_delta_pct,main_log,fc_log
GDDR6,GDDR6,,Llama2-7B,4K,4096,2304,model_parallel,legacy,GDDR6_AiM,cent_simulation/output/master_attention/GDDR6/simulation_results_decode_only_long_context_midpoint.csv,8,1,32,16,32,8,8,164321,0.0821605,3.04714405827,2625.40918546,2625.40918546,56,8,1,97.134032922,22.411330656,0.592238592,0.866631168,37.1481656832,20.13115974,1.429610292,8.572895232,5.84404649159,0.0569306903098,1.31582998528e-05,0.0240292502425,0.0481149475845,0.0088670208,97.134032922,58.8389133627,1.55486863942,2.27526142887,97.5291354077,52.8525316954,3.75331199225,22.5073578881,15.3430133393,0.149466357274,3.45459212986e-05,0.0630866143063,0.126321425346,0.023279557856,255.016582254,7.35486417033,0.194358579928,0.284407678609,12.191141926,6.60656646192,0.469163999031,2.81341973601,1.91787666741,0.0186832946592,4.31824016232e-06,0.00788582678829,0.0157901781683,0.002909944732,31.8770727818,7.35486417033,0.194358579928,0.284407678609,12.191141926,6.60656646192,0.469163999031,2.81341973601,1.91787666741,0.0186832946592,4.31824016232e-06,0.00788582678829,0.0157901781683,0.002909944732,31.8770727818,31.8770727818,-2.92602999952e-14,cent_simulation/output/master_attention/GDDR6/ramulator_long_context_midpoint/model_parallel/Llama2-7B/trace_1_FC_devices_seqlen_2304.txt.log,cent_simulation/output/master_attention/GDDR6/ramulator_long_context_midpoint/model_parallel_FC/Llama2-7B/trace_1_FC_devices_seqlen_2304.txt.log
GDDR6,GDDR6,,Llama2-7B,32K,32768,30976,model_parallel,legacy,GDDR6_AiM,cent_simulation/output/master_attention/GDDR6/simulation_results_decode_only_long_context_midpoint.csv,8,1,32,16,32,8,8,790961,0.3954805,16.2273040583,492.996247021,431.371716144,7,7,0.875,309.605506169,47.2815066048,3.104765952,6.0686838784,76.9465990656,102.57470022,2.9419780104,53.141569536,16.859446923,0.274036524474,6.33376258048e-05,0.178259934075,0.225029162053,0.0088670208,309.605506169,20.395904646,1.33930821694,2.61785857936,33.1925864903,44.2478244668,1.2690861032,22.9237700493,7.27268855241,0.118211605848,2.73220603399e-05,0.0768962936814,0.0970712158173,0.00382498197958,133.555058524,2.91370066371,0.191329745277,0.373979797051,4.74179807005,6.32111778097,0.181298014743,3.27482429276,1.03895550749,0.0168873722641,3.90315147713e-06,0.0109851848116,0.0138673165453,0.000546425997082,19.0792940748,2.54948808075,0.167413527117,0.32723232242,4.14907331129,5.53097805835,0.1586357629,2.86547125616,0.909086069051,0.0147764507311,3.41525754249e-06,0.00961203671018,0.0121339019772,0.000478122747447,16.6943823155,16.6943823155,-1.83599508821e-14,cent_simulation/output/master_attention/GDDR6/ramulator_long_context_midpoint/model_parallel/Llama2-7B/trace_1_FC_devices_seqlen_30976.txt.log,cent_simulation/output/master_attention/GDDR6/ramulator_long_context_midpoint/model_parallel_FC/Llama2-7B/trace_1_FC_devices_seqlen_30976.txt.log
GDDR6,GDDR6,,Llama2-7B,128K,131072,129280,model_parallel,legacy,GDDR6_AiM,cent_simulation/output/master_attention/GDDR6/simulation_results_decode_only_long_context_midpoint.csv,8,1,32,16,32,8,8,2939441,1.4697205,61.4164240583,130.258316447,16.2822895558,1,1,0.125,1038.07912873,132.550681286,11.719145472,23.9042931712,213.398370662,385.23826758,8.1272387592,205.948452864,54.6265341164,1.01839938447,0.000235381029069,0.707050850071,0.831592183089,0.0088670208,1038.07912873,2.15822857353,0.190814519922,0.389216623041,3.47461406187,6.27256102072,0.132330054767,3.35331234311,0.889445045914,0.0165818736614,3.83254207125e-06,0.0115124066715,0.0135402247174,0.000144375400163,16.9023049559,2.15822857353,0.190814519922,0.389216623041,3.47461406187,6.27256102072,0.132330054767,3.35331234311,0.889445045914,0.0165818736614,3.83254207125e-06,0.0115124066715,0.0135402247174,0.000144375400163,16.9023049559,0.269778571691,0.0238518149902,0.0486520778801,0.434326757733,0.78407012759,0.0165412568458,0.419164042888,0.111180630739,0.00207273420767,4.79067758906e-07,0.00143905083394,0.00169252808968,1.80469250204e-05,2.11278811948,2.11278811948,4.38066172703e-14,cent_simulation/output/master_attention/GDDR6/ramulator_long_context_midpoint/model_parallel/Llama2-7B/trace_1_FC_devices_seqlen_129280.txt.log,cent_simulation/output/master_attention/GDDR6/ramulator_long_context_midpoint/model_parallel_FC/Llama2-7B/trace_1_FC_devices_seqlen_129280.txt.log
GDDR6,GDDR6,,Llama2-70B,4K,4096,2304,model_parallel,legacy,GDDR6_AiM,cent_simulation/output/master_attention/GDDR6/simulation_results_decode_only_long_context_midpoint.csv,32,1,32,16,32,32,32,556142,0.278071,24.7472757208,1293.07162376,1293.07162376,228,32,1,918.992479243,224.019131388,4.3184064,5.364050432,391.87014336,167.7201864,13.911312096,54.47090176,56.2870298023,0.481702703402,0.000111335179264,0.107453001884,0.393029635895,0.049020928,918.992479243,289.672781978,5.58400877571,6.93610140204,506.716162578,216.874213766,17.9883229206,70.4347773866,72.7831610232,0.622876096858,0.000143964361033,0.138944427624,0.508215469473,0.0633875709673,1188.32309736,9.0522744368,0.174500274241,0.216753168814,15.8348800806,6.77731918018,0.56213509127,2.20108679333,2.27447378197,0.0194648780268,4.49888628227e-06,0.00434201336324,0.015881733421,0.00198086159273,37.1350967925,9.0522744368,0.174500274241,0.216753168814,15.8348800806,6.77731918018,0.56213509127,2.20108679333,2.27447378197,0.0194648780268,4.49888628227e-06,0.00434201336324,0.015881733421,0.00198086159273,37.1350967925,37.1350967925,-1.23708126333e-14,cent_simulation/output/master_attention/GDDR6/ramulator_long_context_midpoint/model_parallel/Llama2-70B/trace_1_FC_devices_seqlen_2304.txt.log,cent_simulation/output/master_attention/GDDR6/ramulator_long_context_midpoint/model_parallel_FC/Llama2-70B/trace_1_FC_devices_seqlen_2304.txt.log
GDDR6,GDDR6,,Llama2-70B,32K,32768,30976,model_parallel,legacy,GDDR6_AiM,cent_simulation/output/master_attention/GDDR6/simulation_results_decode_only_long_context_midpoint.csv,32,1,32,16,32,32,32,2168382,1.084191,105.006475721,304.743110178,266.650221406,28,28,0.875,2587.61154592,456.648328188,18.388559616,33.277504,877.290429312,691.4431176,28.194784992,325.75848448,152.262784843,1.87814527838,0.000434092729344,0.894711166611,1.5252414215,0.049020928,2587.61154592,121.765377816,4.90331349294,8.87345380943,233.929687213,184.373460398,7.51814566061,86.8635720114,40.6009052902,0.500807854312,0.00011575092239,0.238574930671,0.40670596274,0.0130714413047,689.987191631,4.34876349343,0.175118339034,0.316909064623,8.35463168619,6.58476644277,0.268505202164,3.10227042898,1.45003233179,0.0178859947968,4.13396151394e-06,0.00852053323825,0.014525212955,0.000466837189454,24.6423997011,3.80516805675,0.153228546654,0.277295431545,7.31030272541,5.76167063742,0.234942051894,2.71448662536,1.26877829032,0.0156502454472,3.61721632469e-06,0.00745546658347,0.0127095613356,0.000408482540772,21.5620997385,21.5620997385,1.75740192381e-14,cent_simulation/output/master_attention/GDDR6/ramulator_long_context_midpoint/model_parallel/Llama2-70B/trace_1_FC_devices_seqlen_30976.txt.log,cent_simulation/output/master_attention/GDDR6/ramulator_long_context_midpoint/model_parallel_FC/Llama2-70B/trace_1_FC_devices_seqlen_30976.txt.log
GDDR6,GDDR6,,Llama2-70B,128K,131072,129280,model_parallel,legacy,GDDR6_AiM,cent_simulation/output/master_attention/GDDR6/simulation_results_decode_only_long_context_midpoint.csv,32,1,32,16,32,32,32,7696062,3.848031,380.180875721,84.1704621237,18.4122885896,7,7,0.21875,8308.59120309,1254.23414579,66.629084928,128.980773376,2541.58855258,2487.064596,77.166692064,1255.88733952,481.322516411,6.66594839258,0.0015406900439,3.5938820171,5.40711040072,0.049020928,8308.59120309,23.0933210511,1.22679394015,2.3748312219,46.7964619059,45.7925510824,1.42081540378,23.1237601312,8.8622490768,0.122735365527,2.83676297154e-05,0.0661715928557,0.0995572771336,0.000902587473264,152.980179004,3.29904586445,0.175256277165,0.339261603129,6.6852088437,6.54179301177,0.202973629112,3.30339430446,1.2660355824,0.0175336236468,4.05251853077e-06,0.00945308469367,0.0142224681619,0.000128941067609,21.8543112863,0.721666282847,0.0383373106298,0.0742134756844,1.46238943456,1.43101722133,0.0444004813682,0.7226175041,0.27694528365,0.00383548017273,8.86488428607e-07,0.00206786227674,0.00311116491042,2.82058585395e-05,4.78063059387,4.78063059387,0,cent_simulation/output/master_attention/GDDR6/ramulator_long_context_midpoint/model_parallel/Llama2-70B/trace_1_FC_devices_seqlen_129280.txt.log,cent_simulation/output/master_attention/GDDR6/ramulator_long_context_midpoint/model_parallel_FC/Llama2-70B/trace_1_FC_devices_seqlen_129280.txt.log
LPDDR4X_nCCD2,LPDDR4X nCCD=2,2,Llama2-7B,4K,4096,2304,model_parallel,legacy,LPDDR4_AiM timing nCCD=2 with LPDDR4X power,cent_simulation/output/master_attention/LPDDR4X/simulation_results_decode_only_long_context_midpoint_nCCD2.csv,8,1,32,8,32,8,8,297245,0.185778125,6.36290805827,1257.28675108,1257.28675108,56,8,1,87.2005000925,16.5788896112,1.573594496,1.3364553216,34.3171217376,6.4764250668,1.2189840208,11.625168896,13.7973117915,0.128729461246,2.975303552e-05,0.0329281697511,0.105994746117,0.0088670208,87.2005000925,20.8444182558,1.97845951139,1.68030756926,43.1464624959,8.14272343085,1.53261245913,14.616170832,17.347177316,0.161849846098,3.74080973637e-05,0.0414001515653,0.133265789976,0.0111483877734,109.636033454,2.60555228197,0.247307438924,0.210038446157,5.39330781198,1.01784042886,0.191576557391,1.827021354,2.1683971645,0.0202312307623,4.67601217046e-06,0.00517501894567,0.0166582237471,0.00139354847167,13.7045041817,2.60555228197,0.247307438924,0.210038446157,5.39330781198,1.01784042886,0.191576557391,1.827021354,2.1683971645,0.0202312307623,4.67601217046e-06,0.00517501894567,0.0166582237471,0.00139354847167,13.7045041817,13.7045041817,0,cent_simulation/output/master_attention/LPDDR4X/ramulator_long_context_midpoint_nCCD2/model_parallel/Llama2-7B/trace_1_FC_devices_seqlen_2304.txt.log,cent_simulation/output/master_attention/LPDDR4X/ramulator_long_context_midpoint_nCCD2/model_parallel_FC/Llama2-7B/trace_1_FC_devices_seqlen_2304.txt.log
LPDDR4X_nCCD2,LPDDR4X nCCD=2,2,Llama2-7B,32K,32768,30976,model_parallel,legacy,LPDDR4_AiM timing nCCD=2 with LPDDR4X power,cent_simulation/output/master_attention/LPDDR4X/simulation_results_decode_only_long_context_midpoint_nCCD2.csv,8,1,32,8,32,8,8,1278463,0.799039375,29.1411880583,274.525526688,240.209835852,7,7,0.875,279.446050304,35.2359647576,7.9995975424,8.6096815616,71.1721392096,25.9166903004,6.8847922832,82.676678656,39.7008936118,0.553670720157,0.000127969032448,0.237500336103,0.449446335279,0.0088670208,279.446050304,8.4640253105,1.92158201254,2.06813019465,17.0962478768,6.22544392288,1.65379482422,19.8597514087,9.53654513766,0.132997152805,3.07394202784e-05,0.0570499167499,0.107961430421,0.00212994561086,67.1256898729,1.20914647293,0.274511716077,0.295447170664,2.44232112525,0.88934913184,0.23625640346,2.8371073441,1.36236359109,0.0189995932578,4.39134575406e-06,0.00814998810713,0.0154230614888,0.000304277944409,9.58938426756,1.05800316381,0.240197751567,0.258516274331,2.13703098459,0.77818049036,0.206724353028,2.48246892609,1.19206814221,0.0166246441006,3.8424275348e-06,0.00713123959374,0.0134951788027,0.000266243201358,8.39071123412,8.39071123412,-4.0682928815e-14,cent_simulation/output/master_attention/LPDDR4X/ramulator_long_context_midpoint_nCCD2/model_parallel/Llama2-7B/trace_1_FC_devices_seqlen_30976.txt.log,cent_simulation/output/master_attention/LPDDR4X/ramulator_long_context_midpoint_nCCD2/model_parallel_FC/Llama2-7B/trace_1_FC_devices_seqlen_30976.txt.log
LPDDR4X_nCCD2,LPDDR4X nCCD=2,2,Llama2-7B,128K,131072,129280,model_parallel,legacy,LPDDR4_AiM timing nCCD=2 with LPDDR4X power,cent_simulation/output/master_attention/LPDDR4X/simulation_results_decode_only_long_context_midpoint_nCCD2.csv,8,1,32,8,32,8,8,4638450,2.89903125,107.154368058,74.6586456994,9.33233071242,1,1,0.125,938.159458628,98.8557697176,30.0316079872,33.5464572416,197.532199114,92.7338834976,26.0763257216,326.281854976,128.518790735,2.00879802694,0.0004642902912,0.938890620736,1.62554967922,0.0088670208,938.159458628,0.922554735835,0.280264897562,0.313066633209,1.84343580848,0.865423269047,0.243352895399,3.0449701761,1.1993798579,0.0187467675218,4.33291054404e-06,0.0087620377755,0.0151701671959,8.27499705395e-05,8.7552143289,0.922554735835,0.280264897562,0.313066633209,1.84343580848,0.865423269047,0.243352895399,3.0449701761,1.1993798579,0.0187467675218,4.33291054404e-06,0.0087620377755,0.0151701671959,8.27499705395e-05,8.7552143289,0.115319341979,0.0350331121953,0.0391333291511,0.23042947606,0.108177908631,0.0304191119248,0.380621272012,0.149922482237,0.00234334594023,5.41613818005e-07,0.00109525472194,0.00189627089949,1.03437463174e-05,1.09440179111,1.09440179111,0,cent_simulation/output/master_attention/LPDDR4X/ramulator_long_context_midpoint_nCCD2/model_parallel/Llama2-7B/trace_1_FC_devices_seqlen_129280.txt.log,cent_simulation/output/master_attention/LPDDR4X/ramulator_long_context_midpoint_nCCD2/model_parallel_FC/Llama2-7B/trace_1_FC_devices_seqlen_129280.txt.log
LPDDR4X_nCCD2,LPDDR4X nCCD=2,2,Llama2-70B,4K,4096,2304,model_parallel,legacy,LPDDR4_AiM timing nCCD=2 with LPDDR4X power,cent_simulation/output/master_attention/LPDDR4X/simulation_results_decode_only_long_context_midpoint_nCCD2.csv,32,1,32,8,32,32,32,1090403,0.681501875,57.0217457208,561.189412837,561.189412837,228,32,1,850.535399125,172.53598094,12.626724736,9.526627584,367.319353824,60.280219755,10.429253332,77.05657344,138.420844159,1.18056645807,0.00027286244672,0.157951505675,0.952009601379,0.049020928,850.535399125,96.8253658369,7.08598424065,5.34624254018,206.135732496,33.82862113,5.85278655371,43.243333204,77.6803122579,0.662521397417,0.00015312751626,0.0886407127262,0.534257709213,0.027510025801,477.311461232,3.0257926824,0.22143700752,0.167070079381,6.4417416405,1.05714441031,0.182899579803,1.35135416263,2.42750975806,0.0207037936693,4.78523488313e-06,0.0027700222727,0.0166955534129,0.000859688306282,14.9159831635,3.0257926824,0.22143700752,0.167070079381,6.4417416405,1.05714441031,0.182899579803,1.35135416263,2.42750975806,0.0207037936693,4.78523488313e-06,0.0027700222727,0.0166955534129,0.000859688306282,14.9159831635,14.9159831635,1.33665027744e-14,cent_simulation/output/master_attention/LPDDR4X/ramulator_long_context_midpoint_nCCD2/model_parallel/Llama2-70B/trace_1_FC_devices_seqlen_2304.txt.log,cent_simulation/output/master_attention/LPDDR4X/ramulator_long_context_midpoint_nCCD2/model_parallel_FC/Llama2-70B/trace_1_FC_devices_seqlen_2304.txt.log
LPDDR4X_nCCD2,LPDDR4X nCCD=2,2,Llama2-70B,32K,32768,30976,model_parallel,legacy,LPDDR4_AiM timing nCCD=2 with LPDDR4X power,cent_simulation/output/master_attention/LPDDR4X/simulation_results_decode_only_long_context_midpoint_nCCD2.csv,32,1,32,8,32,32,32,3828624,2.39289,209.702395721,152.597207533,133.522556591,28,28,0.875,2398.43807697,356.88743958,50.426742656,50.256694528,822.337069536,224.170167549,26.0207755,490.44717568,369.143475417,4.14520601552,0.00095807486976,1.21508201537,3.33826949287,0.049020928,2398.43807697,47.6525233481,6.73310760001,6.71040233921,109.800547904,29.9317738827,3.47436046925,65.4857607699,49.2889805867,0.553478504791,0.000127924606016,0.162240857161,0.44573427728,0.00654539963305,320.245583864,1.70187583386,0.240468128572,0.239657226401,3.92144813944,1.06899192438,0.124084302473,2.33877717035,1.76032073524,0.0197670894568,4.56873592916e-06,0.00579431632717,0.0159190813314,0.000233764272609,11.4373422808,1.48914135463,0.2104096125,0.2097000731,3.43126712201,0.935367933834,0.108573764664,2.04643002406,1.54028064334,0.0172962032747,3.99764393801e-06,0.00507002678627,0.013929196165,0.000204543738533,10.0076744957,10.0076744957,1.89601455736e-14,cent_simulation/output/master_attention/LPDDR4X/ramulator_long_context_midpoint_nCCD2/model_parallel/Llama2-70B/trace_1_FC_devices_seqlen_30976.txt.log,cent_simulation/output/master_attention/LPDDR4X/ramulator_long_context_midpoint_nCCD2/model_parallel_FC/Llama2-70B/trace_1_FC_devices_seqlen_30976.txt.log
LPDDR4X_nCCD2,LPDDR4X nCCD=2,2,Llama2-70B,128K,131072,129280,model_parallel,legacy,LPDDR4_AiM timing nCCD=2 with LPDDR4X power,cent_simulation/output/master_attention/LPDDR4X/simulation_results_decode_only_long_context_midpoint_nCCD2.csv,32,1,32,8,32,32,32,13203601,8.252250625,732.518445721,43.6849067582,9.55607335336,7,7,0.21875,7699.31577237,983.683932962,180.026804096,189.902638336,2382.39780912,785.586422466,79.14942764,1907.78638336,1160.08677607,14.2953829605,0.00330406911424,4.83952947719,11.5083408866,0.049020928,7699.31577237,9.40015581991,1.72034934551,1.81472354194,22.7663682208,7.50712147849,0.756357736405,18.2309466219,11.0858743284,0.136607728185,3.15739268203e-05,0.0462468986798,0.109974549688,0.000468447583818,73.5752262915,1.34287940284,0.245764192216,0.259246220277,3.25233831726,1.0724459255,0.108051105201,2.60442094599,1.58369633263,0.0195153897407,4.51056097432e-06,0.0066066998114,0.0157106499554,6.69210834026e-05,10.5107466131,0.293754869372,0.0537609170473,0.0567101106855,0.711449006901,0.234597546203,0.0236361792626,0.569717081936,0.346433572762,0.00426899150578,9.86685213133e-07,0.00144521558374,0.00343670467774,1.46389869943e-05,2.29922582161,2.29922582161,-2.36253383719e-14,cent_simulation/output/master_attention/LPDDR4X/ramulator_long_context_midpoint_nCCD2/model_parallel/Llama2-70B/trace_1_FC_devices_seqlen_129280.txt.log,cent_simulation/output/master_attention/LPDDR4X/ramulator_long_context_midpoint_nCCD2/model_parallel_FC/Llama2-70B/trace_1_FC_devices_seqlen_129280.txt.log
LPDDR4X_nCCD6,LPDDR4X nCCD=6,6,Llama2-7B,4K,4096,2304,model_parallel,legacy,LPDDR4_AiM timing nCCD=6 with LPDDR4X power,cent_simulation/output/master_attention/LPDDR4X/simulation_results_decode_only_long_context_midpoint_nCCD6.csv,8,1,32,8,32,8,8,545440,0.3409,11.3268080583,706.289005591,706.289005591,56,8,1,95.4212851266,17.3866645768,1.573594496,1.3364553216,34.3171217376,12.659879949,1.579833868,11.625168896,14.4728923052,0.236216580067,5.459636224e-05,0.0329281697511,0.191607609427,0.0088670208,95.4212851266,12.2800100345,1.11141249178,0.94392370011,24.2378057868,8.94153402009,1.11581929163,8.21072897939,10.2220447142,0.16683717344,3.85608103954e-05,0.0232568042694,0.135330347926,0.00626267930339,67.3950045843,1.53500125431,0.138926561473,0.117990462514,3.02972572335,1.11769175251,0.139477411454,1.02634112242,1.27775558928,0.02085464668,4.82010129943e-06,0.00290710053368,0.0169162934908,0.000782834912924,8.42437557304,1.53500125431,0.138926561473,0.117990462514,3.02972572335,1.11769175251,0.139477411454,1.02634112242,1.27775558928,0.02085464668,4.82010129943e-06,0.00290710053368,0.0169162934908,0.000782834912924,8.42437557304,8.42437557304,1.48927513357e-14,cent_simulation/output/master_attention/LPDDR4X/ramulator_long_context_midpoint_nCCD6/model_parallel/Llama2-7B/trace_1_FC_devices_seqlen_2304.txt.log,cent_simulation/output/master_attention/LPDDR4X/ramulator_long_context_midpoint_nCCD6/model_parallel_FC/Llama2-7B/trace_1_FC_devices_seqlen_2304.txt.log
LPDDR4X_nCCD6,LPDDR4X nCCD=6,6,Llama2-7B,32K,32768,30976,model_parallel,legacy,LPDDR4_AiM timing nCCD=6 with LPDDR4X power,cent_simulation/output/master_attention/LPDDR4X/simulation_results_decode_only_long_context_midpoint_nCCD6.csv,8,1,32,8,32,8,8,1870626,1.16914125,40.9844480583,195.195992115,170.7964931,7,7,0.875,302.155053744,37.4360458152,7.9995975424,8.6096815616,71.1721392096,40.773397662,7.6578789456,82.676678656,44.11924969,0.810121876475,0.000187242180096,0.237500336103,0.653708185746,0.0088670208,302.155053744,6.39394534078,1.36630320645,1.47050341743,12.1559517834,6.96395333245,1.30793886849,14.1208867756,7.53541312527,0.138365975486,3.19803077208e-05,0.0405642245164,0.111651065636,0.00151445605689,51.6070235519,0.913420762968,0.195186172351,0.210071916776,1.73656454049,0.994850476064,0.186848409785,2.01726953937,1.07648758932,0.0197665679265,4.56861538869e-06,0.00579488921663,0.0159501522338,0.00021635086527,7.37243193599,0.799243167597,0.170787900807,0.183812927179,1.51949397293,0.870494166556,0.163492358562,1.76511084695,0.941926640659,0.0172957469357,3.9975384651e-06,0.00507052806455,0.0139563832045,0.000189307007111,6.45087794399,6.45087794399,3.76253305424e-14,cent_simulation/output/master_attention/LPDDR4X/ramulator_long_context_midpoint_nCCD6/model_parallel/Llama2-7B/trace_1_FC_devices_seqlen_30976.txt.log,cent_simulation/output/master_attention/LPDDR4X/ramulator_long_context_midpoint_nCCD6/model_parallel_FC/Llama2-7B/trace_1_FC_devices_seqlen_30976.txt.log
LPDDR4X_nCCD6,LPDDR4X nCCD=6,6,Llama2-7B,128K,131072,129280,model_parallel,legacy,LPDDR4_AiM timing nCCD=6 with LPDDR4X power,cent_simulation/output/master_attention/LPDDR4X/simulation_results_decode_only_long_context_midpoint_nCCD6.csv,8,1,32,8,32,8,8,6413130,4.00820625,142.647968058,56.0821167585,7.01026459481,1,1,0.125,1010.57901141,105.8154385,30.0316079872,33.5464572416,197.532199114,137.259132526,28.3927897672,326.281854976,145.756052431,2.77736806271,0.00064192866048,0.938890620736,2.23771123066,0.0088670208,1010.57901141,0.7417942221,0.210529518198,0.235169541482,1.38475298178,0.962222837062,0.199040968853,2.28732213587,1.02178849383,0.0194700849968,4.50008976095e-06,0.00658187167694,0.0156869478137,6.21601619757e-05,7.08442626392,0.7417942221,0.210529518198,0.235169541482,1.38475298178,0.962222837062,0.199040968853,2.28732213587,1.02178849383,0.0194700849968,4.50008976095e-06,0.00658187167694,0.0156869478137,6.21601619757e-05,7.08442626392,0.0927242777626,0.0263161897747,0.0293961926852,0.173094122723,0.120277854633,0.0248801211066,0.285915266983,0.127723561729,0.0024337606246,5.62511220119e-07,0.000822733959618,0.00196086847671,7.77002024696e-06,0.885553282989,0.885553282989,1.12496733495e-14,cent_simulation/output/master_attention/LPDDR4X/ramulator_long_context_midpoint_nCCD6/model_parallel/Llama2-7B/trace_1_FC_devices_seqlen_129280.txt.log,cent_simulation/output/master_attention/LPDDR4X/ramulator_long_context_midpoint_nCCD6/model_parallel_FC/Llama2-7B/trace_1_FC_devices_seqlen_129280.txt.log
LPDDR4X_nCCD6,LPDDR4X nCCD=6,6,Llama2-70B,4K,4096,2304,model_parallel,legacy,LPDDR4_AiM timing nCCD=6 with LPDDR4X power,cent_simulation/output/master_attention/LPDDR4X/simulation_results_decode_only_long_context_midpoint_nCCD6.csv,32,1,32,8,32,32,32,2106040,1.316275,107.803595721,296.836110021,296.836110021,228,32,1,931.283406104,179.84858049,12.626724736,9.526627584,367.319353824,124.31927678,13.459496882,77.05657344,142.81123919,2.2801846504,0.0005270154496,0.157951505675,1.82784907895,0.049020928,931.283406104,53.3855530254,3.74806785293,2.82784707365,109.033648124,36.9024505198,3.99526469729,22.8731735114,42.3915327083,0.676841141752,0.00015643721598,0.0468857105164,0.5425716103,0.0145511815771,276.438543595,1.66829853204,0.117127120404,0.0883702210515,3.40730150389,1.15320157874,0.12485202179,0.714786672233,1.32473539713,0.0211512856797,4.88866299938e-06,0.00146517845364,0.0169553628219,0.000454724424285,8.63870448733,1.66829853204,0.117127120404,0.0883702210515,3.40730150389,1.15320157874,0.12485202179,0.714786672233,1.32473539713,0.0211512856797,4.88866299938e-06,0.00146517845364,0.0169553628219,0.000454724424285,8.63870448733,8.63870448733,-2.44150893222e-14,cent_simulation/output/master_attention/LPDDR4X/ramulator_long_context_midpoint_nCCD6/model_parallel/Llama2-70B/trace_1_FC_devices_seqlen_2304.txt.log,cent_simulation/output/master_attention/LPDDR4X/ramulator_long_context_midpoint_nCCD6/model_parallel_FC/Llama2-70B/trace_1_FC_devices_seqlen_2304.txt.log
LPDDR4X_nCCD6,LPDDR4X nCCD=6,6,Llama2-70B,32K,32768,30976,model_parallel,legacy,LPDDR4_AiM timing nCCD=6 with LPDDR4X power,cent_simulation/output/master_attention/LPDDR4X/simulation_results_decode_only_long_context_midpoint_nCCD6.csv,32,1,32,8,32,32,32,6233088,3.89568,329.925595721,96.9915654167,84.8676197396,28,28,0.875,2601.71588757,370.26887656,50.426742656,50.256694528,822.337069536,375.450633426,33.472862008,490.44717568,395.629909011,6.74849080842,0.00155976794112,1.21508201537,5.4117706489,0.049020928,2601.71588757,31.4238382173,4.27959762044,4.26516604057,69.7897897152,31.8636015886,2.84076212449,41.623084408,33.5761686756,0.572728351745,0.000132373792509,0.103121118433,0.459284093548,0.00416028947679,220.801434617,1.12227993633,0.152842772158,0.152327358592,2.49249248983,1.13798577102,0.10145579016,1.48653872886,1.19914888127,0.0204545839909,4.72763544675e-06,0.00368289708689,0.016403003341,0.000148581767028,7.88576552204,0.981994944291,0.133737425639,0.133286438768,2.1809309286,0.995737549644,0.0887738163904,1.30072138775,1.04925527111,0.017897760992,4.13668101591e-06,0.00322253495103,0.0143526279234,0.00013000904615,6.90004483179,6.90004483179,0,cent_simulation/output/master_attention/LPDDR4X/ramulator_long_context_midpoint_nCCD6/model_parallel/Llama2-70B/trace_1_FC_devices_seqlen_30976.txt.log,cent_simulation/output/master_attention/LPDDR4X/ramulator_long_context_midpoint_nCCD6/model_parallel_FC/Llama2-70B/trace_1_FC_devices_seqlen_30976.txt.log
LPDDR4X_nCCD6,LPDDR4X nCCD=6,6,Llama2-70B,128K,131072,129280,model_parallel,legacy,LPDDR4_AiM timing nCCD=6 with LPDDR4X power,cent_simulation/output/master_attention/LPDDR4X/simulation_results_decode_only_long_context_midpoint_nCCD6.csv,32,1,32,8,32,32,32,20349790,12.71861875,1089.82789572,29.3624343125,6.42303250585,7,7,0.21875,8319.8313969,1016.3396508,180.026804096,189.902638336,2382.39780912,1234.89684062,101.553853196,1907.78638336,1262.33040567,22.0324774443,0.0050923314496,4.83952947719,17.6708915227,0.049020928,8319.8313969,6.52798261405,1.15631801463,1.21975081898,15.3022185699,7.93178254868,0.652283700173,12.2537739545,8.10798922874,0.141515318809,3.27082104314e-05,0.031084455145,0.113500710658,0.000314863014011,53.4385475055,0.932568944864,0.165188287805,0.174250116997,2.18603122426,1.13311179267,0.0931833857389,1.75053913636,1.15828417553,0.0202164741156,4.67260149019e-06,0.00444063644929,0.0162143872368,4.4980430573e-05,7.63407821507,0.203999456689,0.0361349379573,0.0381172130931,0.478194330308,0.247868204646,0.0203838656304,0.38293043608,0.253374663398,0.00442235371278,1.02213157598e-06,0.000971389223282,0.00354689720805,9.83946918785e-06,1.66995460955,1.66995460955,0,cent_simulation/output/master_attention/LPDDR4X/ramulator_long_context_midpoint_nCCD6/model_parallel/Llama2-70B/trace_1_FC_devices_seqlen_129280.txt.log,cent_simulation/output/master_attention/LPDDR4X/ramulator_long_context_midpoint_nCCD6/model_parallel_FC/Llama2-70B/trace_1_FC_devices_seqlen_129280.txt.log
