case,memory,nccd,model,context,context_window,active_sequence_length,mode,dram_energy_model,timing_source,source_csv,pipeline_parallelism,tensor_parallelism,channels_per_device,banks_per_device,channels_per_block,device_count,utilized_device_count,memory_system_cycles,pim_latency_ms,token_latency_ms,throughput_tokens_s,csv_token_energy_mJ,ACT/PRE,RD,WR,PIM,ACT_STBY,PRE_STBY,DQ_IO,CTRL_PHY,SRAM_STT,ACCEL_STT,SRAM_DYN,ACCEL_DYN,PCIe,total_mJ,ACT_PRE_W,RD_W,WR_W,PIM_W,ACT_STBY_W,PRE_STBY_W,DQ_IO_W,CTRL_PHY_W,SRAM_STT_W,ACCEL_STT_W,SRAM_DYN_W,ACCEL_DYN_W,PCIe_W,total_W,ACT_PRE_latency_normalized_W,RD_latency_normalized_W,WR_latency_normalized_W,PIM_latency_normalized_W,ACT_STBY_latency_normalized_W,PRE_STBY_latency_normalized_W,DQ_IO_latency_normalized_W,CTRL_PHY_latency_normalized_W,SRAM_STT_latency_normalized_W,ACCEL_STT_latency_normalized_W,SRAM_DYN_latency_normalized_W,ACCEL_DYN_latency_normalized_W,PCIe_latency_normalized_W,latency_normalized_total_W,ACT_PRE_per_device_W,RD_per_device_W,WR_per_device_W,PIM_per_device_W,ACT_STBY_per_device_W,PRE_STBY_per_device_W,DQ_IO_per_device_W,CTRL_PHY_per_device_W,SRAM_STT_per_device_W,ACCEL_STT_per_device_W,SRAM_DYN_per_device_W,ACCEL_DYN_per_device_W,PCIe_per_device_W,average_provisioned_device_W,average_active_device_W,energy_delta_pct,main_log,fc_log
GDDR6,GDDR6,,Llama2-7B,4K,4096,2304,pipeline_parallel,legacy,GDDR6_AiM,cent_simulation/output/GDDR6/simulation_results_decode_only_long_context_midpoint.csv,32,1,32,16,8,8,8,612272,0.306136,11.062348444,2892.6949971,90.4536656739,21.2089096128,0.5769839616,0.7955447552,36.4290668928,18.76812928,1.3208836608,5.90053376,5.34988060078,0.0530319734199,1.22571956224e-05,0.00761258638925,0.0429321537522,0.0001441792,90.4536656739,61.3509067309,1.66903861913,2.30126833334,105.37817955,54.2904736732,3.82091355735,17.0684444878,15.4755728489,0.153405324198,3.54563284554e-05,0.0220208905632,0.124189626374,0.000417066450526,261.654866164,1.91721583534,0.0521574568477,0.0719146354167,3.29306811093,1.69657730229,0.119403548667,0.533388890243,0.483611651529,0.00479391638119,1.10801026423e-06,0.000688152830099,0.00388092582417,1.30333265789e-05,8.17671456763,7.66886334136,0.208629827391,0.287658541667,13.1722724437,6.78630920915,0.477614194668,2.13355556097,1.93444660612,0.0191756655248,4.43204105692e-06,0.0027526113204,0.0155237032967,5.21333063157e-05,32.7068582705,32.7068582705,3.14212909103e-14,cent_simulation/output/GDDR6/ramulator_long_context_midpoint/pipeline_parallel/Llama2-7B/trace_8_channels_per_block_seqlen_2304.txt.log,
GDDR6,GDDR6,,Llama2-7B,32K,32768,30976,pipeline_parallel,legacy,GDDR6_AiM,cent_simulation/output/GDDR6/simulation_results_decode_only_long_context_midpoint.csv,32,1,32,16,8,8,8,3081536,1.540768,63.186252444,506.439276936,298.214989553,44.0488671168,3.0895113216,5.9975974656,75.3229904256,100.13405056,2.707220736,50.469208064,15.9106621309,0.266907412465,6.16898854912e-05,0.053488086582,0.214280364611,0.0001441792,298.214989553,22.3080764125,1.5646498798,3.03741892383,38.1465208078,50.7118161623,1.37104291205,25.5595892395,8.05778422513,0.135172396977,3.12421810024e-05,0.0270884678933,0.108519992915,7.30180097972e-05,151.027783681,0.69712738789,0.0488953087436,0.0949193413697,1.19207877524,1.58474425507,0.0428450910014,0.798737163733,0.251805757035,0.00422413740554,9.76318156325e-07,0.000846514621664,0.00339124977859,2.28181280616e-06,4.71961824002,2.78850955156,0.195581234975,0.379677365479,4.76831510097,6.33897702028,0.171380364006,3.19494865493,1.00722302814,0.0168965496222,3.9052726253e-06,0.00338605848666,0.0135649991144,9.12725122465e-06,18.8784729601,18.8784729601,0,cent_simulation/output/GDDR6/ramulator_long_context_midpoint/pipeline_parallel/Llama2-7B/trace_8_channels_per_block_seqlen_30976.txt.log,
GDDR6,GDDR6,,Llama2-7B,128K,131072,129280,pipeline_parallel,legacy,GDDR6_AiM,cent_simulation/output/GDDR6/simulation_results_decode_only_long_context_midpoint.csv,32,1,32,16,8,8,8,11547584,5.773792,241.896780444,132.287829302,1010.53952857,122.357292845,11.7038908416,23.8332067584,208.673585395,379.10292352,7.4603764224,203.276091392,52.1190559483,1.00019463205,0.000231173393613,0.210775515814,0.801759944697,0.0001441792,1010.53952857,16.1863806697,1.54828231382,3.15284318737,27.6049756445,50.1507028344,0.986917002693,26.8909528792,6.89471677666,0.132313576753,3.05814264333e-05,0.027883035457,0.106063082705,1.90731533985e-05,133.682080658,0.505824395927,0.0483838223069,0.0985263496052,0.862655488892,1.56720946357,0.0308411563342,0.840342277474,0.215459899271,0.00413479927352,9.55669576042e-07,0.000871344858031,0.00331447133453,5.96036043702e-07,4.17756502056,2.02329758371,0.193535289227,0.394105398421,3.45062195557,6.2688378543,0.123364625337,3.3613691099,0.861839597082,0.0165391970941,3.82267830417e-06,0.00348537943213,0.0132578853381,2.38414417481e-06,16.7102600822,16.7102600822,-1.1250112886e-14,cent_simulation/output/GDDR6/ramulator_long_context_midpoint/pipeline_parallel/Llama2-7B/trace_8_channels_per_block_seqlen_129280.txt.log,
GDDR6,GDDR6,,Llama2-70B,4K,4096,2304,model_parallel,legacy,GDDR6_AiM,cent_simulation/output/GDDR6/simulation_results_decode_only_long_context_midpoint.csv,32,1,32,16,32,32,32,519058,0.259529,23.2639157208,1375.52080157,861.684557455,206.617259004,4.156886784,5.160137216,368.611318656,156.7212839,12.855357108,53.43281152,53.15710896,0.449582376124,0.000103911259136,0.106241109371,0.367445982534,0.049020928,861.684557455,284.206337724,5.71788424117,7.09787607957,507.032536506,215.573386053,17.6828111137,73.4979437322,73.1187091259,0.618409910378,0.000142932098459,0.146136855922,0.505429592429,0.0674293061763,1185.26503317,8.88144805386,0.178683882537,0.221808627487,15.8447667658,6.73666831417,0.552587847303,2.29681074163,2.28495966019,0.0193253096993,4.46662807685e-06,0.00456677674755,0.0157946747634,0.00210716581801,37.0395322866,8.88144805386,0.178683882537,0.221808627487,15.8447667658,6.73666831417,0.552587847303,2.29681074163,2.28495966019,0.0193253096993,4.46662807685e-06,0.00456677674755,0.0157946747634,0.00210716581801,37.0395322866,37.0395322866,-1.31935563586e-14,cent_simulation/output/GDDR6/ramulator_long_context_midpoint/model_parallel/Llama2-70B/trace_1_FC_devices_seqlen_2304.txt.log,cent_simulation/output/GDDR6/ramulator_long_context_midpoint/model_parallel_FC/Llama2-70B/trace_1_FC_devices_seqlen_2304.txt.log
GDDR6,GDDR6,,Llama2-70B,32K,32768,30976,model_parallel,legacy,GDDR6_AiM,cent_simulation/output/GDDR6/simulation_results_decode_only_long_context_midpoint.csv,32,1,32,16,32,32,32,1746914,0.873457,88.1477557208,363.026826246,1901.26186334,276.82898022,16.719523584,31.170400768,564.588452736,565.1956775,17.056378548,315.031552,110.991771076,1.51309053517,0.000349718207488,0.882188277313,1.23447744742,0.049020928,1901.26186334,100.496346102,6.06963558304,11.3156916636,204.960754132,205.181193011,6.19192297152,114.36490449,40.2929903932,0.549292454805,0.000126957090945,0.320258010464,0.448148429807,0.0177959119115,690.209060109,3.14051081569,0.18967611197,0.353615364488,6.40502356661,6.41191228158,0.19349759286,3.57390326531,1.25915594979,0.0171653892126,3.96740909202e-06,0.010008062827,0.0140046384315,0.000556122247233,21.5690331284,3.14051081569,0.18967611197,0.353615364488,6.40502356661,6.41191228158,0.19349759286,3.57390326531,1.25915594979,0.0171653892126,3.96740909202e-06,0.010008062827,0.0140046384315,0.000556122247233,21.5690331284,21.5690331284,-1.19590930543e-14,cent_simulation/output/GDDR6/ramulator_long_context_midpoint/model_parallel/Llama2-70B/trace_1_FC_devices_seqlen_30976.txt.log,cent_simulation/output/GDDR6/ramulator_long_context_midpoint/model_parallel_FC/Llama2-70B/trace_1_FC_devices_seqlen_30976.txt.log
GDDR6,GDDR6,,Llama2-70B,128K,131072,129280,model_parallel,legacy,GDDR6_AiM,cent_simulation/output/GDDR6/simulation_results_decode_only_long_context_midpoint.csv,32,1,32,16,32,32,32,5956706,2.978353,310.606635721,103.024199485,5465.52691208,517.554881532,59.791421184,120.348447232,1236.5100553,1965.6793127,31.459880628,1211.94151936,309.282041189,5.15940422333,0.00119248488755,3.5425785674,4.20715675559,0.049020928,5465.52691208,53.3206773596,6.15996330358,12.3988024354,127.390458603,202.512537636,3.24112901761,124.859304855,31.8635347087,0.53154348993,0.000122854800939,0.36497132102,0.433438956854,0.00505034186523,563.081534883,1.66627116749,0.192498853237,0.387462576106,3.98095183133,6.32851680112,0.1012852818,3.90185327673,0.995735459646,0.0166107340603,3.83921252933e-06,0.0114053537819,0.0135449674017,0.000157823183289,17.5962979651,1.66627116749,0.192498853237,0.387462576106,3.98095183133,6.32851680112,0.1012852818,3.90185327673,0.995735459646,0.0166107340603,3.83921252933e-06,0.0114053537819,0.0135449674017,0.000157823183289,17.5962979651,17.5962979651,0,cent_simulation/output/GDDR6/ramulator_long_context_midpoint/model_parallel/Llama2-70B/trace_1_FC_devices_seqlen_129280.txt.log,cent_simulation/output/GDDR6/ramulator_long_context_midpoint/model_parallel_FC/Llama2-70B/trace_1_FC_devices_seqlen_129280.txt.log
LPDDR4X_nCCD2,LPDDR4X nCCD=2,2,Llama2-7B,4K,4096,2304,pipeline_parallel,legacy,LPDDR4_AiM timing nCCD=2 with LPDDR4X power,cent_simulation/output/LPDDR4X/simulation_results_decode_only_long_context_midpoint_nCCD2.csv,32,1,32,8,8,8,8,1087685,0.679803125,23.019696444,1390.11389998,81.0282506011,15.2306460508,1.4499850624,1.0848146816,34.222120716,6.0673213722,0.9943170392,8.572895232,13.1812877508,0.117762371155,2.721822944e-05,0.0122662653743,0.0946626621082,0.0001441792,81.0282506011,21.1723327808,2.01564439,1.50801596779,47.572645694,8.43426777512,1.38221393718,11.9173008251,18.323491322,0.163703109036,3.78364390773e-05,0.0170515059977,0.131591882405,0.000200425510008,112.638497451,0.661635399399,0.0629888871875,0.0471254989935,1.48664517794,0.263570867973,0.0431941855368,0.372415650783,0.572609103814,0.00511572215739,1.18238872117e-06,0.000532859562427,0.00411224632517,6.26329718774e-06,3.51995304536,2.6465415976,0.25195554875,0.188501995974,5.94658071175,1.05428347189,0.172776742147,1.48966260313,2.29043641525,0.0204628886295,4.72955488466e-06,0.00213143824971,0.0164489853007,2.50531887509e-05,14.0798121814,14.0798121814,-5.26144447515e-14,cent_simulation/output/LPDDR4X/ramulator_long_context_midpoint_nCCD2/pipeline_parallel/Llama2-7B/trace_8_channels_per_block_seqlen_2304.txt.log,
LPDDR4X_nCCD2,LPDDR4X nCCD=2,2,Llama2-7B,32K,32768,30976,pipeline_parallel,legacy,LPDDR4_AiM timing nCCD=2 with LPDDR4X power,cent_simulation/output/LPDDR4X/simulation_results_decode_only_long_context_midpoint_nCCD2.csv,32,1,32,8,8,8,8,4282564,2.6766025,99.532956444,321.501552283,252.714336528,31.7582441358,6.363987392,6.0306085248,70.6518879864,25.378762878,2.6532351056,71.8733312,37.0875436711,0.463668149567,0.000107166881536,0.0813944521765,0.371421686042,0.0001441792,252.714336528,10.2103247874,2.04603182523,1.93885000193,22.7146916593,8.15931166029,0.853019205021,23.1073875485,11.9237028606,0.14907002983,3.44543187671e-05,0.0261684427219,0.119412648614,4.63538366069e-05,81.2480514776,0.319072649607,0.0639384945386,0.0605890625604,0.709834114354,0.254978489384,0.0266568501569,0.722105860891,0.372615714394,0.00465843843218,1.07669746147e-06,0.00081776383506,0.00373164526919,1.44855739396e-06,2.53900160868,1.27629059843,0.255753978154,0.242356250241,2.83933645741,1.01991395754,0.106627400628,2.88842344356,1.49046285758,0.0186337537287,4.30678984589e-06,0.00327105534024,0.0149265810768,5.79422957586e-06,10.1560064347,10.1560064347,1.12465758061e-14,cent_simulation/output/LPDDR4X/ramulator_long_context_midpoint_nCCD2/pipeline_parallel/Llama2-7B/trace_8_channels_per_block_seqlen_30976.txt.log,
LPDDR4X_nCCD2,LPDDR4X nCCD=2,2,Llama2-7B,128K,131072,129280,pipeline_parallel,legacy,LPDDR4_AiM timing nCCD=2 with LPDDR4X power,cent_simulation/output/LPDDR4X/simulation_results_decode_only_long_context_midpoint_nCCD2.csv,32,1,32,8,8,8,8,15228694,9.51793375,361.709316444,88.4688299284,840.951168672,88.0799541035,23.2119953792,22.9876159872,195.553947199,91.5686487084,8.314899144,288.903397376,119.043345178,1.64879272494,0.000381082838656,0.318405378355,1.31964223154,0.0001441792,840.951168672,7.79233047968,2.0535380715,2.03368748923,17.3004288966,8.10097120936,0.735609398242,25.5589455282,10.5316254586,0.14586676317,3.37139528417e-05,0.028168951266,0.116747204149,1.2755365124e-05,74.3979659194,0.24351032749,0.0641730647344,0.0635527340385,0.540638403019,0.253155350292,0.0229877936951,0.798717047756,0.329113295583,0.00455833634906,1.0535610263e-06,0.000880279727063,0.00364835012965,3.98605160125e-07,2.32493643498,0.974041309961,0.256692258938,0.254210936154,2.16255361207,1.01262140117,0.0919511747803,3.19486819102,1.31645318233,0.0182333453963,4.21424410521e-06,0.00352111890825,0.0145934005186,1.5944206405e-06,9.29974573992,9.29974573992,1.35188393758e-14,cent_simulation/output/LPDDR4X/ramulator_long_context_midpoint_nCCD2/pipeline_parallel/Llama2-7B/trace_8_channels_per_block_seqlen_129280.txt.log,
LPDDR4X_nCCD2,LPDDR4X nCCD=2,2,Llama2-70B,4K,4096,2304,model_parallel,legacy,LPDDR4_AiM timing nCCD=2 with LPDDR4X power,cent_simulation/output/LPDDR4X/simulation_results_decode_only_long_context_midpoint_nCCD2.csv,32,1,32,8,32,32,32,1013808,0.63363,53.1919957208,601.594273092,789.156921932,149.388846742,12.019224448,9.05906304,345.449343456,56.084317287,9.664080164,74.98039296,130.323861948,1.09763795562,0.00025369531392,0.154921774393,0.885957532791,0.049020928,789.156921932,89.8714746642,7.23069659493,5.44988044445,207.820346667,33.7400040902,5.81385528137,45.1077749989,78.4020889953,0.660332708028,0.000152621647965,0.093200052252,0.53298697793,0.0294907095465,474.752284805,2.80848358325,0.225959268592,0.170308763889,6.49438583333,1.05437512782,0.181682977543,1.40961796872,2.4500652811,0.0206353971259,4.76942649889e-06,0.00291250163288,0.0166558430603,0.000921584673327,14.8360089002,2.80848358325,0.225959268592,0.170308763889,6.49438583333,1.05437512782,0.181682977543,1.40961796872,2.4500652811,0.0206353971259,4.76942649889e-06,0.00291250163288,0.0166558430603,0.000921584673327,14.8360089002,14.8360089002,0,cent_simulation/output/LPDDR4X/ramulator_long_context_midpoint_nCCD2/model_parallel/Llama2-70B/trace_1_FC_devices_seqlen_2304.txt.log,cent_simulation/output/LPDDR4X/ramulator_long_context_midpoint_nCCD2/model_parallel_FC/Llama2-70B/trace_1_FC_devices_seqlen_2304.txt.log
LPDDR4X_nCCD2,LPDDR4X nCCD=2,2,Llama2-70B,32K,32768,30976,model_parallel,legacy,LPDDR4_AiM timing nCCD=2 with LPDDR4X power,cent_simulation/output/LPDDR4X/simulation_results_decode_only_long_context_midpoint_nCCD2.csv,32,1,32,8,32,32,32,2956860,1.8480375,166.114195721,192.638563255,1756.33874948,205.660820498,44.14923968,45.42519424,528.306930144,175.914166337,17.735810974,468.99331072,263.131884232,3.20135742216,0.0007399246464,1.18377479213,2.58649959248,0.049020928,1756.33874948,39.6182049786,8.50484610078,8.75064415399,101.772287981,33.8878522593,3.4166011442,90.3461975535,50.6893481252,0.616704894272,0.0001425380208,0.228040675173,0.498259565356,0.00944332113937,338.33857329,1.23806890558,0.265776440649,0.273457629812,3.1803839994,1.0589953831,0.106768785756,2.82331867355,1.58404212891,0.019272027946,4.45431314999e-06,0.00712627109916,0.0155706114174,0.000295103785605,10.5730804153,1.23806890558,0.265776440649,0.273457629812,3.1803839994,1.0589953831,0.106768785756,2.82331867355,1.58404212891,0.019272027946,4.45431314999e-06,0.00712627109916,0.0155706114174,0.000295103785605,10.5730804153,10.5730804153,0,cent_simulation/output/LPDDR4X/ramulator_long_context_midpoint_nCCD2/model_parallel/Llama2-70B/trace_1_FC_devices_seqlen_30976.txt.log,cent_simulation/output/LPDDR4X/ramulator_long_context_midpoint_nCCD2/model_parallel_FC/Llama2-70B/trace_1_FC_devices_seqlen_30976.txt.log
LPDDR4X_nCCD2,LPDDR4X nCCD=2,2,Llama2-70B,128K,131072,129280,model_parallel,legacy,LPDDR4_AiM timing nCCD=2 with LPDDR4X power,cent_simulation/output/LPDDR4X/simulation_results_decode_only_long_context_midpoint_nCCD2.csv,32,1,32,8,32,32,32,9613808,6.00863,553.028795721,57.8631714074,5070.50620704,397.060709655,154.309291904,170.10907264,1155.24722736,586.426064006,45.41379681,1819.89474304,718.461182103,10.4087564498,0.00240575931392,4.71127085293,8.41266553633,0.049020928,5070.50620704,22.9751919019,8.92882500719,9.84305042812,66.8462683346,33.9324718593,2.62778630908,105.30488146,41.5724425295,0.60228365859,0.000139204863546,0.272609072909,0.486783507922,0.00283650635941,293.39556978,0.717974746934,0.279025781475,0.307595325879,2.08894588546,1.0603897456,0.0821183221586,3.29077754562,1.29913882905,0.0188213643309,4.35015198582e-06,0.00851903352842,0.0152119846225,8.86408237316e-05,9.16861155563,0.717974746934,0.279025781475,0.307595325879,2.08894588546,1.0603897456,0.0821183221586,3.29077754562,1.29913882905,0.0188213643309,4.35015198582e-06,0.00851903352842,0.0152119846225,8.86408237316e-05,9.16861155563,9.16861155563,1.79369606236e-14,cent_simulation/output/LPDDR4X/ramulator_long_context_midpoint_nCCD2/model_parallel/Llama2-70B/trace_1_FC_devices_seqlen_129280.txt.log,cent_simulation/output/LPDDR4X/ramulator_long_context_midpoint_nCCD2/model_parallel_FC/Llama2-70B/trace_1_FC_devices_seqlen_129280.txt.log
LPDDR4X_nCCD6,LPDDR4X nCCD=6,6,Llama2-7B,4K,4096,2304,pipeline_parallel,legacy,LPDDR4_AiM timing nCCD=6 with LPDDR4X power,cent_simulation/output/LPDDR4X/simulation_results_decode_only_long_context_midpoint_nCCD6.csv,32,1,32,8,8,8,8,2045341,1.278338125,42.172816444,758.782616345,88.7479877092,15.963776796,1.4499850624,1.0848146816,34.222120716,12.0902819073,1.2930482812,8.572895232,13.6599101593,0.221446655953,5.1182613184e-05,0.0122662653743,0.177246590296,0.0001441792,88.7479877092,12.113036324,1.10022345931,0.823138522354,25.9671502938,9.17389573797,0.98114255787,6.50496387379,10.3649023697,0.168029872985,3.88364771432e-05,0.00930742893352,0.134491631523,0.000109400670599,67.3404303094,0.378532385126,0.0343819831034,0.0257230788236,0.81147344668,0.286684241812,0.0306607049334,0.203280121056,0.323903199054,0.00525093353077,1.21363991072e-06,0.000290857154173,0.00420286348511,3.41877095621e-06,2.10438844717,1.5141295405,0.137527932414,0.102892315294,3.24589378672,1.14673696725,0.122642819734,0.813120484224,1.29561279622,0.0210037341231,4.85455964289e-06,0.00116342861669,0.0168114539404,1.36750838248e-05,8.41755378868,8.41755378868,-3.20251874595e-14,cent_simulation/output/LPDDR4X/ramulator_long_context_midpoint_nCCD6/pipeline_parallel/Llama2-7B/trace_8_channels_per_block_seqlen_2304.txt.log,
LPDDR4X_nCCD6,LPDDR4X nCCD=6,6,Llama2-7B,32K,32768,30976,pipeline_parallel,legacy,LPDDR4_AiM timing nCCD=6 with LPDDR4X power,cent_simulation/output/LPDDR4X/simulation_results_decode_only_long_context_midpoint_nCCD6.csv,32,1,32,8,8,8,8,6576591,4.110369375,145.413496444,220.062104155,274.542133025,33.770638861,6.363987392,6.0306085248,70.6518879864,39.7667281803,3.4025393492,71.8733312,41.3194203686,0.712039745215,0.000164572613184,0.0813944521765,0.569248213553,0.0001441792,274.542133025,7.43163784641,1.4004724563,1.3271084013,15.5478031328,8.75114987872,0.748769968655,15.8165964965,9.09283858879,0.156692964574,3.62161955436e-05,0.0179118344125,0.125269959661,3.17283781274e-05,60.4163194727,0.2322386827,0.0437647642594,0.0414721375407,0.4858688479,0.27347343371,0.0233990615205,0.494268640516,0.2841512059,0.00489665514294,1.13175611074e-06,0.000559744825391,0.00391468623941,9.91511816481e-07,1.88800998352,0.928954730801,0.175059057037,0.165888550163,1.9434753916,1.09389373484,0.0935962460819,1.97707456206,1.1366048236,0.0195866205718,4.52702444295e-06,0.00223897930156,0.0156587449576,3.96604726592e-06,7.55203993409,7.55203993409,2.07048070307e-14,cent_simulation/output/LPDDR4X/ramulator_long_context_midpoint_nCCD6/pipeline_parallel/Llama2-7B/trace_8_channels_per_block_seqlen_30976.txt.log,
LPDDR4X_nCCD6,LPDDR4X nCCD=6,6,Llama2-7B,128K,131072,129280,pipeline_parallel,legacy,LPDDR4_AiM timing nCCD=6 with LPDDR4X power,cent_simulation/output/LPDDR4X/simulation_results_decode_only_long_context_midpoint_nCCD6.csv,32,1,32,8,8,8,8,22095341,13.809588125,499.042256444,64.1228264477,911.137594458,94.5305195885,23.2119953792,22.9876159872,195.553947199,134.543883003,10.635568555,288.903397376,136.147537552,2.39223649092,0.000552913813184,0.318405378355,1.91179085562,0.0001441792,911.137594458,6.06156410158,1.4884187512,1.47403091039,12.5394718174,8.62733405938,0.681982716624,18.5253024101,8.7301649217,0.153396965329,3.54543964833e-05,0.0204170528163,0.122589433239,9.24517781896e-06,58.4247178393,0.189423878174,0.0465130859751,0.0460634659498,0.391858494294,0.269604189356,0.0213119598945,0.578915700315,0.272817653803,0.00479365516654,1.1079498901e-06,0.000638032900509,0.00383091978873,2.88911806843e-07,1.82577243248,0.757695512697,0.186052343901,0.184253863799,1.56743397718,1.07841675742,0.085247839578,2.31566280126,1.09127061521,0.0191746206662,4.43179956041e-06,0.00255213160204,0.0153236791549,1.15564722737e-06,7.30308972992,7.30308972992,0,cent_simulation/output/LPDDR4X/ramulator_long_context_midpoint_nCCD6/pipeline_parallel/Llama2-7B/trace_8_channels_per_block_seqlen_129280.txt.log,
LPDDR4X_nCCD6,LPDDR4X nCCD=6,6,Llama2-70B,4K,4096,2304,model_parallel,legacy,LPDDR4_AiM timing nCCD=6 with LPDDR4X power,cent_simulation/output/LPDDR4X/simulation_results_decode_only_long_context_midpoint_nCCD6.csv,32,1,32,8,32,32,32,1972128,1.23258,101.107995721,316.493268132,865.490413108,156.206152317,12.019224448,9.05906304,345.449343456,116.432398791,12.588492708,74.98039296,134.703340053,2.13519970856,0.00049350531072,0.154921774393,1.71236941828,0.049020928,865.490413108,49.4381956494,3.80400362596,2.86713246775,109.332391685,36.8500704099,3.98417319802,23.7307896138,42.6327003218,0.675776333877,0.00015619110863,0.0490316986825,0.541953393443,0.0155147937096,273.921889382,1.54494361404,0.118875113311,0.0895978896171,3.41663724014,1.15156470031,0.124505412438,0.74158717543,1.33227188506,0.0211180104337,4.8809721447e-06,0.00153224058383,0.0169360435451,0.000484837303425,8.56005904319,1.54494361404,0.118875113311,0.0895978896171,3.41663724014,1.15156470031,0.124505412438,0.74158717543,1.33227188506,0.0211180104337,4.8809721447e-06,0.00153224058383,0.0169360435451,0.000484837303425,8.56005904319,8.56005904319,-1.31355398049e-14,cent_simulation/output/LPDDR4X/ramulator_long_context_midpoint_nCCD6/model_parallel/Llama2-70B/trace_1_FC_devices_seqlen_2304.txt.log,cent_simulation/output/LPDDR4X/ramulator_long_context_midpoint_nCCD6/model_parallel_FC/Llama2-70B/trace_1_FC_devices_seqlen_2304.txt.log
LPDDR4X_nCCD6,LPDDR4X nCCD=6,6,Llama2-70B,32K,32768,30976,model_parallel,legacy,LPDDR4_AiM timing nCCD=6 with LPDDR4X power,cent_simulation/output/LPDDR4X/simulation_results_decode_only_long_context_midpoint_nCCD6.csv,32,1,32,8,32,32,32,4599790,2.87486875,248.260695721,128.896762764,1904.7223137,216.052344373,44.14923968,45.42519424,528.306930144,278.957157854,23.102450666,468.99331072,289.518312691,4.98013834165,0.0011510514496,1.18377479213,4.00328822157,0.049020928,1904.7223137,27.8484477772,5.69069407325,5.85516048547,68.0970530414,35.9566745972,2.97783110277,60.4517195099,37.3179732668,0.641923710356,0.000148366805628,0.152584738547,0.516010892173,0.0063186389269,245.512540201,0.870263993038,0.177834189789,0.182973765171,2.12803290755,1.12364608116,0.0930572219615,1.88911623468,1.16618666459,0.0200601159486,4.63646267589e-06,0.00476827307959,0.0161253403804,0.000197457466466,7.67226688128,0.870263993038,0.177834189789,0.182973765171,2.12803290755,1.12364608116,0.0930572219615,1.88911623468,1.16618666459,0.0200601159486,4.63646267589e-06,0.00476827307959,0.0161253403804,0.000197457466466,7.67226688128,7.67226688128,-3.58120982478e-14,cent_simulation/output/LPDDR4X/ramulator_long_context_midpoint_nCCD6/model_parallel/Llama2-70B/trace_1_FC_devices_seqlen_30976.txt.log,cent_simulation/output/LPDDR4X/ramulator_long_context_midpoint_nCCD6/model_parallel_FC/Llama2-70B/trace_1_FC_devices_seqlen_30976.txt.log
LPDDR4X_nCCD6,LPDDR4X nCCD=6,6,Llama2-70B,128K,131072,129280,model_parallel,legacy,LPDDR4_AiM timing nCCD=6 with LPDDR4X power,cent_simulation/output/LPDDR4X/simulation_results_decode_only_long_context_midpoint_nCCD6.csv,32,1,32,8,32,32,32,13606040,8.503775,752.640395721,42.5169844483,5467.26248854,420.905305007,154.309291904,170.10907264,1155.24722736,835.978289945,59.163081022,1819.89474304,820.305296044,14.7310989158,0.0034047754496,4.71127085293,11.855386104,0.049020928,5467.26248854,17.8956243072,6.56076576411,7.23252479594,49.1176283996,35.5432759527,2.51543579572,77.3764364873,34.8769075147,0.62632190351,0.00014476078484,0.200309029585,0.504055266614,0.00208422203342,232.4515142,0.5592382596,0.205023930128,0.226016399873,1.53492588749,1.11072737352,0.0786073686164,2.41801364023,1.08990335984,0.0195725594847,4.52377452627e-06,0.00625965717455,0.0157517270817,6.51319385442e-05,7.26410981874,0.5592382596,0.205023930128,0.226016399873,1.53492588749,1.11072737352,0.0786073686164,2.41801364023,1.08990335984,0.0195725594847,4.52377452627e-06,0.00625965717455,0.0157517270817,6.51319385442e-05,7.26410981874,7.26410981874,1.66352850934e-14,cent_simulation/output/LPDDR4X/ramulator_long_context_midpoint_nCCD6/model_parallel/Llama2-70B/trace_1_FC_devices_seqlen_129280.txt.log,cent_simulation/output/LPDDR4X/ramulator_long_context_midpoint_nCCD6/model_parallel_FC/Llama2-70B/trace_1_FC_devices_seqlen_129280.txt.log
