Case,Model,Context,Context window,Active sequence length,Pipeline parallelism,Tensor parallelism,Device count,Max resident microbatch,Microbatch used for throughput,Pipeline fill ratio,Bottleneck pipeline stage,Layers at bottleneck stage,Static model footprint / bottleneck device (GiB),KV cache / request / bottleneck device (GiB),KV cache / request / model (GiB),Unconstrained throughput (tokens/s),Capacity-constrained throughput (tokens/s),Token energy (mJ),System power (W),Power / active PIM device (W),Power / deployed PIM device (W),Device capacity (GiB),Per-device reserve (GiB),Source CSV
GDDR6,Llama2-70B,4K,4096,2304,32,1,32,228,32,1.0,0,3,5.269622802734375,0.046875,1.25,1375.5208015714445,1375.5208015714445,861.6845574553341,1185.2650331726966,37.03953228664677,37.03953228664677,16.0,0.0,cent_simulation/output/GDDR6/simulation_results_decode_only_long_context_midpoint.csv
GDDR6,Llama2-70B,32K,32768,30976,32,1,32,28,28,0.875,0,3,5.269622802734375,0.375,10.0,363.0268262455591,317.6484729648642,1901.2618633382835,603.9329275957381,18.872903987366815,18.872903987366815,16.0,0.0,cent_simulation/output/GDDR6/simulation_results_decode_only_long_context_midpoint.csv
GDDR6,Llama2-70B,128K,131072,129280,16,2,32,9,9,0.5625,0,5,4.2285919189453125,1.25,40.0,61.91373745894251,34.82647732065516,4128.693662544277,143.78785620253095,4.493370506329092,4.493370506329092,16.0,0.0,cent_simulation/output/GDDR6/simulation_results_decode_only_long_context_midpoint.csv
LPDDR4X nCCD=2,Llama2-70B,4K,4096,2304,32,1,32,228,32,1.0,0,3,5.269622802734375,0.046875,1.25,601.5942730923268,601.5942730923268,798.747350037278,480.52183143009864,15.016307232190583,15.016307232190583,16.0,0.0,cent_simulation/output/LPDDR4X/simulation_results_decode_only_long_context_midpoint_nCCD2.csv
LPDDR4X nCCD=2,Llama2-70B,32K,32768,30976,32,1,32,28,28,0.875,0,3,5.269622802734375,0.375,10.0,192.6385632554838,168.55874284854832,1770.8225496219488,298.4876227721368,9.327738211629274,9.327738211629274,16.0,0.0,cent_simulation/output/LPDDR4X/simulation_results_decode_only_long_context_midpoint_nCCD2.csv
LPDDR4X nCCD=2,Llama2-70B,128K,131072,129280,8,4,32,9,8,1.0,0,10,4.1065216064453125,1.25,40.0,24.703381306929145,24.703381306929145,2751.456825057959,67.9702870989594,2.1240714718424814,2.1240714718424814,16.0,0.0,cent_simulation/output/LPDDR4X/simulation_results_decode_only_long_context_midpoint_nCCD2.csv
LPDDR4X nCCD=6,Llama2-70B,4K,4096,2304,32,1,32,228,32,1.0,0,3,5.269622802734375,0.046875,1.25,316.4932681323933,316.4932681323933,875.5564817309107,277.1077323375161,8.659616635547378,8.659616635547378,16.0,0.0,cent_simulation/output/LPDDR4X/simulation_results_decode_only_long_context_midpoint_nCCD6.csv
LPDDR4X nCCD=6,Llama2-70B,32K,32768,30976,32,1,32,28,28,0.875,0,3,5.269622802734375,0.375,10.0,128.89676276419013,112.78466741866636,1919.918224766932,216.53733845137475,6.766791826605461,6.766791826605461,16.0,0.0,cent_simulation/output/LPDDR4X/simulation_results_decode_only_long_context_midpoint_nCCD6.csv
LPDDR4X nCCD=6,Llama2-70B,128K,131072,129280,8,4,32,9,8,1.0,0,10,4.1065216064453125,1.25,40.0,20.779525332696718,20.779525332696718,2942.9282016195984,61.15265111786204,1.9110203474331888,1.9110203474331888,16.0,0.0,cent_simulation/output/LPDDR4X/simulation_results_decode_only_long_context_midpoint_nCCD6.csv
