Memory,Model,Context,Context window,KV mapping,Stage balance,PP,TP,Replica cards,Effective PP,Max resident microbatch,Active concurrency,Physical stage duty,Replica throughput (tokens/s),Replica work power (W),Replica idle-floor power (W),Replica power (W),Token energy (mJ),Serial token latency (ms),Source TP,Source base devices,Source active sequence length,Source CSV,Mapping validity,TP trace caveat,Bottleneck stage,Bottleneck stage layers,Static / bottleneck device (GiB),KV / request / bottleneck device (GiB),Deployment mode,DP,Total cards,Card limit,System throughput (tokens/s),System power (W),Power / DGX H100,Throughput / DGX H100,DGX H100 throughput (tokens/s),DGX H100 power (W),DGX H100 batch
GDDR6,Llama2-70B,4K,4096,fully_tp_sharded,discrete,12,1,12,11.428571428571429,39,11.428571428571429,0.9523809523809524,461.8112942005215,424.4011061996074,0.0,424.4011061996074,918.9924792426788,24.7472757208252,1,32,2304,cent_simulation/output/master_attention/GDDR6/simulation_results_decode_only_long_context_midpoint.csv,capacity sensitivity only; latency/energy still come from the current master trace,complete TP1 trace,0,7,11.644744873046875,0.109375,card_cap_and_power,10,120,128,4618.112942005215,4244.011061996074,0.9536246319423141,0.8133823423676652,5677.665596430829,4450.4,256
GDDR6,Llama2-70B,32K,32768,fully_tp_sharded,discrete,20,1,20,20.0,18,18.0,0.9,171.41799947515224,443.56319462008827,0.0,443.56319462008827,2587.6115459181087,105.0064757208252,1,32,30976,cent_simulation/output/master_attention/GDDR6/simulation_results_decode_only_long_context_midpoint.csv,capacity sensitivity only; latency/energy still come from the current master trace,complete TP1 trace,0,4,6.8634033203125,0.5,card_cap_and_power,6,120,128,1028.5079968509135,2661.3791677205295,0.5980089807029771,0.9938481743116856,1034.874363544746,4450.4,32
GDDR6,Llama2-70B,128K,131072,fully_tp_sharded,discrete,16,2,32,16.0,9,9.0,0.5625,26.501967373154336,197.33089199441346,0.0,197.33089199441346,7445.895967493473,339.5974296276856,2,32,129280,cent_simulation/output/master_attention/GDDR6/simulation_results_decode_only_long_context_midpoint.csv,capacity sensitivity only; latency/energy still come from the current master trace,optimistic: helper K/QK energy and score-gather latency are not modeled,0,5,4.2285919189453125,1.25,card_cap_and_power,4,128,128,106.00786949261735,789.3235679776539,0.17736014020709462,0.38475156289386025,275.52290806902136,4450.4,8
GDDR6,Llama2-7B,4K,4096,fully_tp_sharded,discrete,1,1,1,1.0,1,1.0,1.0,328.176148182612,31.87707278179335,0.0,31.87707278179335,97.13403292202548,3.047144058268229,1,8,2304,cent_simulation/output/master_attention/GDDR6/simulation_results_decode_only_long_context_midpoint.csv,capacity sensitivity only; latency/energy still come from the current master trace,complete TP1 trace,0,32,12.55126953125,2.0,card_cap_and_power,128,128,128,42006.546967374336,4080.2653160695486,0.877099165105234,3.193050649602351,13155.615609356417,4652.0,512
GDDR6,Llama2-7B,32K,32768,fully_tp_sharded,discrete,16,1,16,16.0,15,15.0,0.9375,924.3679631649667,286.1894111223062,0.0,286.1894111223062,309.60550616922626,16.227304058268228,1,8,30976,cent_simulation/output/master_attention/GDDR6/simulation_results_decode_only_long_context_midpoint.csv,capacity sensitivity only; latency/energy still come from the current master trace,complete TP1 trace,0,2,0.998077392578125,1.0,card_cap_and_power,8,128,128,7394.943705319733,2289.5152889784495,0.4921571988345764,2.474259928676226,2988.7497346635537,4652.0,64
GDDR6,Llama2-7B,128K,131072,fully_tp_sharded,discrete,32,4,128,32.0,31,31.0,0.96875,627.3065792376467,470.6693693389132,0.0,470.6693693389132,750.3019813866904,49.41762293912761,4,8,129280,cent_simulation/output/master_attention/GDDR6/simulation_results_decode_only_long_context_midpoint.csv,capacity sensitivity only; latency/energy still come from the current master trace,optimistic: helper K/QK energy and score-gather latency are not modeled,0,1,0.15527725219726562,0.5,card_cap_and_power,1,128,128,627.3065792376467,470.6693693389132,0.1011757027813657,0.7598495982648512,825.5667709374695,4652.0,16
LPDDR4X_nCCD2,Llama2-70B,4K,4096,fully_tp_sharded,discrete,16,1,16,16.0,96,16.0,1.0,280.59470641840693,238.6557306160755,0.0,238.6557306160755,850.5353991254759,57.0217457208252,1,32,2304,cent_simulation/output/master_attention/LPDDR4X/simulation_results_decode_only_long_context_midpoint_nCCD2.csv,capacity sensitivity only; latency/energy still come from the current master trace,complete TP1 trace,0,5,8.457183837890625,0.078125,card_cap_and_power,16,256,256,4489.515302694511,3818.491689857208,0.858010895617744,0.7907326041739355,5677.665596430829,4450.4,256
LPDDR4X_nCCD2,Llama2-70B,32K,32768,fully_tp_sharded,discrete,27,1,27,26.666666666666668,28,26.666666666666668,0.9876543209876544,127.16433961092056,304.9957941558971,0.0,304.9957941558971,2398.4380769725226,209.7023957208252,1,32,30976,cent_simulation/output/master_attention/LPDDR4X/simulation_results_decode_only_long_context_midpoint_nCCD2.csv,capacity sensitivity only; latency/energy still come from the current master trace,complete TP1 trace,0,3,5.269622802734375,0.375,card_cap_and_power,9,243,256,1144.479056498285,2744.9621474030737,0.6167899845863459,1.1059111103864927,1034.874363544746,4450.4,32
LPDDR4X_nCCD2,Llama2-70B,128K,131072,fully_tp_sharded,discrete,20,2,40,20.0,12,12.0,0.6,19.677006541138788,128.73553256437847,0.0,128.73553256437847,6542.434810662417,609.8488596276856,2,32,129280,cent_simulation/output/master_attention/LPDDR4X/simulation_results_decode_only_long_context_midpoint_nCCD2.csv,capacity sensitivity only; latency/energy still come from the current master trace,optimistic: helper K/QK energy and score-gather latency are not modeled,0,4,3.43170166015625,1.0,card_cap_and_power,6,240,256,118.06203924683273,772.4131953862709,0.1735603980285527,0.4285017172410831,275.52290806902136,4450.4,8
LPDDR4X_nCCD2,Llama2-7B,4K,4096,fully_tp_sharded,discrete,1,1,1,1.0,1,1.0,1.0,157.16084388498405,13.70450418172729,0.0,13.70450418172729,87.2005000924832,6.3629080582682285,1,8,2304,cent_simulation/output/master_attention/LPDDR4X/simulation_results_decode_only_long_context_midpoint_nCCD2.csv,capacity sensitivity only; latency/energy still come from the current master trace,complete TP1 trace,0,32,12.55126953125,2.0,card_cap_and_power,256,256,256,40233.176034555916,3508.353070522186,0.75416016133323,3.0582511095825606,13155.615609356417,4652.0,512
LPDDR4X_nCCD2,Llama2-7B,32K,32768,fully_tp_sharded,discrete,16,1,16,16.0,15,15.0,0.9375,514.7353625393475,143.8407640134179,0.0,143.8407640134179,279.44605030399947,29.141188058268227,1,8,30976,cent_simulation/output/master_attention/LPDDR4X/simulation_results_decode_only_long_context_midpoint_nCCD2.csv,capacity sensitivity only; latency/energy still come from the current master trace,complete TP1 trace,0,2,0.998077392578125,1.0,card_cap_and_power,16,256,256,8235.76580062956,2301.4522242146863,0.4947231780341114,2.7555889692305295,2988.7497346635537,4652.0,64
LPDDR4X_nCCD2,Llama2-7B,128K,131072,fully_tp_sharded,discrete,32,4,128,32.0,31,31.0,0.96875,432.30572764668733,248.22322158394658,0.0,248.22322158394658,574.1844387192881,71.7085109391276,4,8,129280,cent_simulation/output/master_attention/LPDDR4X/simulation_results_decode_only_long_context_midpoint_nCCD2.csv,capacity sensitivity only; latency/energy still come from the current master trace,optimistic: helper K/QK energy and score-gather latency are not modeled,0,1,0.15527725219726562,0.5,card_cap_and_power,2,256,256,864.6114552933747,496.44644316789316,0.10671677626136998,1.0472943991090728,825.5667709374695,4652.0,16
GDDR6,Llama2-70B,4K,4096,fully_tp_sharded,discrete,27,2,54,26.666666666666668,570,26.666666666666668,0.9876543209876544,1570.5500233759763,1459.0262269014372,0.0,1459.0262269014372,928.9906116872272,16.979189627685546,2,32,2304,cent_simulation/output/master_attention/GDDR6/simulation_results_decode_only_long_context_midpoint.csv,capacity sensitivity only; latency/energy still come from the current master trace,optimistic: helper K/QK energy and score-gather latency are not modeled,0,3,2.6348114013671875,0.0234375,equal_power_unbounded,3,162,,4711.650070127929,4377.078680704311,0.9835247799533327,0.829856917443294,5677.665596430829,4450.4,256
GDDR6,Llama2-70B,32K,32768,fully_tp_sharded,discrete,5,4,20,5.0,19,5.0,1.0,60.73037216078866,143.26268765344216,0.0,143.26268765344216,2358.995714271969,82.33112727783205,4,32,30976,cent_simulation/output/master_attention/GDDR6/simulation_results_decode_only_long_context_midpoint.csv,capacity sensitivity only; latency/energy still come from the current master trace,optimistic: helper K/QK energy and score-gather latency are not modeled,0,16,6.4971923828125,0.5,equal_power_unbounded,31,620,,1882.6415369844485,4441.143317256707,0.9979200335378184,1.8191981590266213,1034.874363544746,4450.4,32
GDDR6,Llama2-70B,128K,131072,fully_tp_sharded,discrete,2,8,16,2.0,3,2.0,1.0,6.468801380827122,45.18102539675469,0.0,45.18102539675469,6984.4508645244105,309.17628819580074,8,32,129280,cent_simulation/output/master_attention/GDDR6/simulation_results_decode_only_long_context_midpoint.csv,capacity sensitivity only; latency/energy still come from the current master trace,optimistic: helper K/QK energy and score-gather latency are not modeled,0,40,8.029937744140625,2.5,equal_power_unbounded,98,1568,,633.9425353210579,4427.74048888196,0.994908432698625,2.300870514774941,275.52290806902136,4450.4,8
GDDR6,Llama2-7B,4K,4096,fully_tp_sharded,discrete,3,1,3,2.909090909090909,16,2.909090909090909,0.9696969696969697,954.6942492585076,92.73330263794429,0.0,92.73330263794429,97.13403292202548,3.047144058268229,1,8,2304,cent_simulation/output/master_attention/GDDR6/simulation_results_decode_only_long_context_midpoint.csv,capacity sensitivity only; latency/energy still come from the current master trace,complete TP1 trace,0,11,4.3907928466796875,0.6875,equal_power_unbounded,50,150,,47734.71246292538,4636.665131897214,0.9967035967104932,3.628466647275399,13155.615609356417,4652.0,512
GDDR6,Llama2-7B,32K,32768,fully_tp_sharded,discrete,7,4,28,6.4,24,6.4,0.9142857142857144,509.56359548854346,129.20877654076338,0.0,129.20877654076338,253.56751872528224,12.559766939127604,4,8,30976,cent_simulation/output/master_attention/GDDR6/simulation_results_decode_only_long_context_midpoint.csv,capacity sensitivity only; latency/energy still come from the current master trace,optimistic: helper K/QK energy and score-gather latency are not modeled,0,5,0.5322456359863281,0.625,equal_power_unbounded,36,1008,,18344.289437587566,4651.515955467482,0.9998959491546607,6.137780365090555,2988.7497346635537,4652.0,64
GDDR6,Llama2-7B,128K,131072,fully_tp_sharded,discrete,5,8,40,4.571428571428571,8,4.571428571428571,0.9142857142857143,96.48097387842716,69.39027284417658,0.0,69.39027284417658,719.2119861021845,47.38165865934245,8,8,129280,cent_simulation/output/master_attention/GDDR6/simulation_results_decode_only_long_context_midpoint.csv,capacity sensitivity only; latency/energy still come from the current master trace,optimistic: helper K/QK energy and score-gather latency are not modeled,0,7,0.3603649139404297,1.75,equal_power_unbounded,67,2680,,6464.22524985462,4649.148280559831,0.9993869906620444,7.830045342685234,825.5667709374695,4652.0,16
LPDDR4X_nCCD2,Llama2-70B,4K,4096,fully_tp_sharded,discrete,12,1,12,11.428571428571429,39,11.428571428571429,0.9523809523809524,200.4247902988621,170.46837901148248,0.0,170.46837901148248,850.5353991254759,57.0217457208252,1,32,2304,cent_simulation/output/master_attention/LPDDR4X/simulation_results_decode_only_long_context_midpoint_nCCD2.csv,capacity sensitivity only; latency/energy still come from the current master trace,complete TP1 trace,0,7,11.644744873046875,0.109375,equal_power_unbounded,26,312,,5211.044547770414,4432.177854298545,0.9959055038420244,0.9178146298447466,5677.665596430829,4450.4,256
LPDDR4X_nCCD2,Llama2-70B,32K,32768,fully_tp_sharded,discrete,9,4,36,8.88888888888889,43,8.88888888888889,0.9876543209876544,62.08846188569611,126.93977592561227,0.0,126.93977592561227,2044.498640654143,143.164907277832,4,32,30976,cent_simulation/output/master_attention/LPDDR4X/simulation_results_decode_only_long_context_midpoint_nCCD2.csv,capacity sensitivity only; latency/energy still come from the current master trace,optimistic: helper K/QK energy and score-gather latency are not modeled,0,9,3.7080764770507812,0.28125,equal_power_unbounded,35,1260,,2173.096165999364,4442.892157396429,0.9983129959995571,2.0998647203471896,1034.874363544746,4450.4,32
LPDDR4X_nCCD2,Llama2-70B,128K,131072,fully_tp_sharded,discrete,5,8,40,5.0,12,5.0,1.0,9.651564093698049,56.218102706820254,0.0,56.218102706820254,5824.766033883321,518.0507481958008,8,32,129280,cent_simulation/output/master_attention/LPDDR4X/simulation_results_decode_only_long_context_midpoint_nCCD2.csv,capacity sensitivity only; latency/energy still come from the current master trace,optimistic: helper K/QK energy and score-gather latency are not modeled,0,16,3.24859619140625,1.0,equal_power_unbounded,79,3160,,762.4735634021458,4441.2301138388,0.9979395366346397,2.7673690320194293,275.52290806902136,4450.4,8
LPDDR4X_nCCD2,Llama2-7B,4K,4096,fully_tp_sharded,discrete,7,1,7,6.4,44,6.4,0.9142857142857144,1005.829400863898,87.70882676305465,0.0,87.70882676305465,87.2005000924832,6.3629080582682285,1,8,2304,cent_simulation/output/master_attention/LPDDR4X/simulation_results_decode_only_long_context_midpoint_nCCD2.csv,capacity sensitivity only; latency/energy still come from the current master trace,complete TP1 trace,0,5,2.1289825439453125,0.3125,equal_power_unbounded,53,371,,53308.95824578659,4648.567818441897,0.9992622137665298,4.052182720196893,13155.615609356417,4652.0,512
LPDDR4X_nCCD2,Llama2-7B,32K,32768,fully_tp_sharded,discrete,1,4,4,1.0,3,1.0,1.0,53.99547352096187,10.91945705027014,0.0,10.91945705027014,202.22911918776003,18.520070939127603,4,8,30976,cent_simulation/output/master_attention/LPDDR4X/simulation_results_decode_only_long_context_midpoint_nCCD2.csv,capacity sensitivity only; latency/energy still come from the current master trace,optimistic: helper K/QK energy and score-gather latency are not modeled,0,32,3.1378173828125,4.0,equal_power_unbounded,426,1704,,23002.071719929758,4651.6887034150795,0.9999330832792518,7.696218740950929,2988.7497346635537,4652.0,64
LPDDR4X_nCCD2,Llama2-7B,128K,131072,fully_tp_sharded,discrete,1,8,8,1.0,1,1.0,1.0,15.188675244422416,8.099181423792222,0.0,8.099181423792222,533.2381720891954,65.83852665934245,8,8,129280,cent_simulation/output/master_attention/LPDDR4X/simulation_results_decode_only_long_context_midpoint_nCCD2.csv,capacity sensitivity only; latency/energy still come from the current master trace,optimistic: helper K/QK energy and score-gather latency are not modeled,0,32,1.56890869140625,8.0,equal_power_unbounded,574,4592,,8718.299590298468,4648.930137256736,0.9993400982925056,10.560380937326768,825.5667709374695,4652.0,16
GDDR6,Llama2-70B,4K,4096,fully_tp_sharded,discrete,16,1,16,16.0,96,16.0,1.0,646.5358118807301,594.1615486794503,0.0,594.1615486794503,918.9924792426788,24.7472757208252,1,32,2304,cent_simulation/output/master_attention/GDDR6/simulation_results_decode_only_long_context_midpoint.csv,capacity sensitivity only; latency/energy still come from the current master trace,complete TP1 trace,0,5,8.457183837890625,0.078125,fixed_cards_exact,8,128,128,5172.286495045841,4753.292389435603,1.0680595877753916,0.910988223451785,5677.665596430829,4450.4,256
GDDR6,Llama2-70B,32K,32768,fully_tp_sharded,discrete,32,1,32,26.666666666666668,28,26.666666666666668,0.8333333333333334,253.95259181504036,657.130658696427,0.0,657.130658696427,2587.6115459181087,105.0064757208252,1,32,30976,cent_simulation/output/master_attention/GDDR6/simulation_results_decode_only_long_context_midpoint.csv,capacity sensitivity only; latency/energy still come from the current master trace,complete TP1 trace,0,3,5.269622802734375,0.375,fixed_cards_exact,4,128,128,1015.8103672601615,2628.522634785708,0.5906261537807181,0.9815784437646278,1034.874363544746,4450.4,32
GDDR6,Llama2-70B,128K,131072,fully_tp_sharded,discrete,16,2,32,16.0,9,9.0,0.5625,26.501967373154336,197.33089199441346,0.0,197.33089199441346,7445.895967493473,339.5974296276856,2,32,129280,cent_simulation/output/master_attention/GDDR6/simulation_results_decode_only_long_context_midpoint.csv,capacity sensitivity only; latency/energy still come from the current master trace,optimistic: helper K/QK energy and score-gather latency are not modeled,0,5,4.2285919189453125,1.25,fixed_cards_exact,4,128,128,106.00786949261735,789.3235679776539,0.17736014020709462,0.38475156289386025,275.52290806902136,4450.4,8
GDDR6,Llama2-7B,4K,4096,fully_tp_sharded,discrete,1,1,1,1.0,1,1.0,1.0,328.176148182612,31.87707278179335,0.0,31.87707278179335,97.13403292202548,3.047144058268229,1,8,2304,cent_simulation/output/master_attention/GDDR6/simulation_results_decode_only_long_context_midpoint.csv,capacity sensitivity only; latency/energy still come from the current master trace,complete TP1 trace,0,32,12.55126953125,2.0,fixed_cards_exact,128,128,128,42006.546967374336,4080.2653160695486,0.877099165105234,3.193050649602351,13155.615609356417,4652.0,512
GDDR6,Llama2-7B,32K,32768,fully_tp_sharded,discrete,16,1,16,16.0,15,15.0,0.9375,924.3679631649667,286.1894111223062,0.0,286.1894111223062,309.60550616922626,16.227304058268228,1,8,30976,cent_simulation/output/master_attention/GDDR6/simulation_results_decode_only_long_context_midpoint.csv,capacity sensitivity only; latency/energy still come from the current master trace,complete TP1 trace,0,2,0.998077392578125,1.0,fixed_cards_exact,8,128,128,7394.943705319733,2289.5152889784495,0.4921571988345764,2.474259928676226,2988.7497346635537,4652.0,64
GDDR6,Llama2-7B,128K,131072,fully_tp_sharded,discrete,32,4,128,32.0,31,31.0,0.96875,627.3065792376467,470.6693693389132,0.0,470.6693693389132,750.3019813866904,49.41762293912761,4,8,129280,cent_simulation/output/master_attention/GDDR6/simulation_results_decode_only_long_context_midpoint.csv,capacity sensitivity only; latency/energy still come from the current master trace,optimistic: helper K/QK energy and score-gather latency are not modeled,0,1,0.15527725219726562,0.5,fixed_cards_exact,1,128,128,627.3065792376467,470.6693693389132,0.1011757027813657,0.7598495982648512,825.5667709374695,4652.0,16
LPDDR4X_nCCD2,Llama2-70B,4K,4096,fully_tp_sharded,discrete,16,1,16,16.0,96,16.0,1.0,280.59470641840693,238.6557306160755,0.0,238.6557306160755,850.5353991254759,57.0217457208252,1,32,2304,cent_simulation/output/master_attention/LPDDR4X/simulation_results_decode_only_long_context_midpoint_nCCD2.csv,capacity sensitivity only; latency/energy still come from the current master trace,complete TP1 trace,0,5,8.457183837890625,0.078125,fixed_cards_exact,16,256,256,4489.515302694511,3818.491689857208,0.858010895617744,0.7907326041739355,5677.665596430829,4450.4,256
LPDDR4X_nCCD2,Llama2-70B,32K,32768,fully_tp_sharded,discrete,32,1,32,26.666666666666668,28,26.666666666666668,0.8333333333333334,127.16433961092056,304.9957941558971,0.0,304.9957941558971,2398.4380769725226,209.7023957208252,1,32,30976,cent_simulation/output/master_attention/LPDDR4X/simulation_results_decode_only_long_context_midpoint_nCCD2.csv,capacity sensitivity only; latency/energy still come from the current master trace,complete TP1 trace,0,3,5.269622802734375,0.375,fixed_cards_exact,8,256,256,1017.3147168873645,2439.966353247177,0.548257764076752,0.9830320981213269,1034.874363544746,4450.4,32
LPDDR4X_nCCD2,Llama2-70B,128K,131072,fully_tp_sharded,discrete,16,2,32,16.0,9,9.0,0.5625,14.75775490585409,96.55164942328386,0.0,96.55164942328386,6542.434810662417,609.8488596276856,2,32,129280,cent_simulation/output/master_attention/LPDDR4X/simulation_results_decode_only_long_context_midpoint_nCCD2.csv,capacity sensitivity only; latency/energy still come from the current master trace,optimistic: helper K/QK energy and score-gather latency are not modeled,0,5,4.2285919189453125,1.25,fixed_cards_exact,8,256,256,118.06203924683273,772.4131953862709,0.1735603980285527,0.4285017172410831,275.52290806902136,4450.4,8
LPDDR4X_nCCD2,Llama2-7B,4K,4096,fully_tp_sharded,discrete,1,1,1,1.0,1,1.0,1.0,157.16084388498405,13.70450418172729,0.0,13.70450418172729,87.2005000924832,6.3629080582682285,1,8,2304,cent_simulation/output/master_attention/LPDDR4X/simulation_results_decode_only_long_context_midpoint_nCCD2.csv,capacity sensitivity only; latency/energy still come from the current master trace,complete TP1 trace,0,32,12.55126953125,2.0,fixed_cards_exact,256,256,256,40233.176034555916,3508.353070522186,0.75416016133323,3.0582511095825606,13155.615609356417,4652.0,512
LPDDR4X_nCCD2,Llama2-7B,32K,32768,fully_tp_sharded,discrete,16,1,16,16.0,15,15.0,0.9375,514.7353625393475,143.8407640134179,0.0,143.8407640134179,279.44605030399947,29.141188058268227,1,8,30976,cent_simulation/output/master_attention/LPDDR4X/simulation_results_decode_only_long_context_midpoint_nCCD2.csv,capacity sensitivity only; latency/energy still come from the current master trace,complete TP1 trace,0,2,0.998077392578125,1.0,fixed_cards_exact,16,256,256,8235.76580062956,2301.4522242146863,0.4947231780341114,2.7555889692305295,2988.7497346635537,4652.0,64
LPDDR4X_nCCD2,Llama2-7B,128K,131072,fully_tp_sharded,discrete,32,4,128,32.0,31,31.0,0.96875,432.30572764668733,248.22322158394658,0.0,248.22322158394658,574.1844387192881,71.7085109391276,4,8,129280,cent_simulation/output/master_attention/LPDDR4X/simulation_results_decode_only_long_context_midpoint_nCCD2.csv,capacity sensitivity only; latency/energy still come from the current master trace,optimistic: helper K/QK energy and score-gather latency are not modeled,0,1,0.15527725219726562,0.5,fixed_cards_exact,2,256,256,864.6114552933747,496.44644316789316,0.10671677626136998,1.0472943991090728,825.5667709374695,4652.0,16
GDDR6,Llama2-70B,4K,4096,k_sharded_v_local,discrete,12,1,12,11.428571428571429,39,11.428571428571429,0.9523809523809524,461.8112942005215,424.4011061996074,0.0,424.4011061996074,918.9924792426788,24.7472757208252,1,32,2304,cent_simulation/output/master_attention/GDDR6/simulation_results_decode_only_long_context_midpoint.csv,matches current no-inter-device trace mapping,complete TP1 trace,0,7,11.644744873046875,0.109375,card_cap_and_power,10,120,128,4618.112942005215,4244.011061996074,0.9536246319423141,0.8133823423676652,5677.665596430829,4450.4,256
GDDR6,Llama2-70B,32K,32768,k_sharded_v_local,discrete,20,1,20,20.0,18,18.0,0.9,171.41799947515224,443.56319462008827,0.0,443.56319462008827,2587.6115459181087,105.0064757208252,1,32,30976,cent_simulation/output/master_attention/GDDR6/simulation_results_decode_only_long_context_midpoint.csv,matches current no-inter-device trace mapping,complete TP1 trace,0,4,6.8634033203125,0.5,card_cap_and_power,6,120,128,1028.5079968509135,2661.3791677205295,0.5980089807029771,0.9938481743116856,1034.874363544746,4450.4,32
GDDR6,Llama2-70B,128K,131072,k_sharded_v_local,discrete,27,1,27,26.666666666666668,7,7.0,0.25925925925925924,18.412288589550847,152.98017900391514,0.0,152.98017900391514,8308.59120309101,380.1808757208252,1,32,129280,cent_simulation/output/master_attention/GDDR6/simulation_results_decode_only_long_context_midpoint.csv,matches current no-inter-device trace mapping,complete TP1 trace,0,3,5.269622802734375,1.5,card_cap_and_power,4,108,128,73.64915435820339,611.9207160156606,0.13749791389889912,0.26730682713233234,275.52290806902136,4450.4,8
GDDR6,Llama2-7B,4K,4096,k_sharded_v_local,discrete,1,1,1,1.0,1,1.0,1.0,328.176148182612,31.87707278179335,0.0,31.87707278179335,97.13403292202548,3.047144058268229,1,8,2304,cent_simulation/output/master_attention/GDDR6/simulation_results_decode_only_long_context_midpoint.csv,matches current no-inter-device trace mapping,complete TP1 trace,0,32,12.55126953125,2.0,card_cap_and_power,128,128,128,42006.546967374336,4080.2653160695486,0.877099165105234,3.193050649602351,13155.615609356417,4652.0,512
GDDR6,Llama2-7B,32K,32768,k_sharded_v_local,discrete,16,1,16,16.0,15,15.0,0.9375,924.3679631649667,286.1894111223062,0.0,286.1894111223062,309.60550616922626,16.227304058268228,1,8,30976,cent_simulation/output/master_attention/GDDR6/simulation_results_decode_only_long_context_midpoint.csv,matches current no-inter-device trace mapping,complete TP1 trace,0,2,0.998077392578125,1.0,card_cap_and_power,8,128,128,7394.943705319733,2289.5152889784495,0.4921571988345764,2.474259928676226,2988.7497346635537,4652.0,64
GDDR6,Llama2-7B,128K,131072,k_sharded_v_local,discrete,32,1,32,32.0,7,7.0,0.21875,113.97602689076813,118.31613469099614,0.0,118.31613469099614,1038.0791287310574,61.41642405826824,1,8,129280,cent_simulation/output/master_attention/GDDR6/simulation_results_decode_only_long_context_midpoint.csv,matches current no-inter-device trace mapping,complete TP1 trace,0,1,0.6211090087890625,2.0,card_cap_and_power,4,128,128,455.9041075630725,473.26453876398455,0.10173356379277398,0.5522316590399734,825.5667709374695,4652.0,16
LPDDR4X_nCCD2,Llama2-70B,4K,4096,k_sharded_v_local,discrete,16,1,16,16.0,96,16.0,1.0,280.59470641840693,238.6557306160755,0.0,238.6557306160755,850.5353991254759,57.0217457208252,1,32,2304,cent_simulation/output/master_attention/LPDDR4X/simulation_results_decode_only_long_context_midpoint_nCCD2.csv,matches current no-inter-device trace mapping,complete TP1 trace,0,5,8.457183837890625,0.078125,card_cap_and_power,16,256,256,4489.515302694511,3818.491689857208,0.858010895617744,0.7907326041739355,5677.665596430829,4450.4,256
LPDDR4X_nCCD2,Llama2-70B,32K,32768,k_sharded_v_local,discrete,27,1,27,26.666666666666668,28,26.666666666666668,0.9876543209876544,127.16433961092056,304.9957941558971,0.0,304.9957941558971,2398.4380769725226,209.7023957208252,1,32,30976,cent_simulation/output/master_attention/LPDDR4X/simulation_results_decode_only_long_context_midpoint_nCCD2.csv,matches current no-inter-device trace mapping,complete TP1 trace,0,3,5.269622802734375,0.375,card_cap_and_power,9,243,256,1144.479056498285,2744.9621474030737,0.6167899845863459,1.1059111103864927,1034.874363544746,4450.4,32
LPDDR4X_nCCD2,Llama2-70B,128K,131072,k_sharded_v_local,discrete,27,1,27,26.666666666666668,7,7.0,0.25925925925925924,9.556073353363466,73.57522629147986,0.0,73.57522629147986,7699.3157723704035,732.5184457208252,1,32,129280,cent_simulation/output/master_attention/LPDDR4X/simulation_results_decode_only_long_context_midpoint_nCCD2.csv,matches current no-inter-device trace mapping,complete TP1 trace,0,3,5.269622802734375,1.5,card_cap_and_power,9,243,256,86.0046601802712,662.1770366233188,0.14879045403184407,0.3121506693691188,275.52290806902136,4450.4,8
LPDDR4X_nCCD2,Llama2-7B,4K,4096,k_sharded_v_local,discrete,1,1,1,1.0,1,1.0,1.0,157.16084388498405,13.70450418172729,0.0,13.70450418172729,87.2005000924832,6.3629080582682285,1,8,2304,cent_simulation/output/master_attention/LPDDR4X/simulation_results_decode_only_long_context_midpoint_nCCD2.csv,matches current no-inter-device trace mapping,complete TP1 trace,0,32,12.55126953125,2.0,card_cap_and_power,256,256,256,40233.176034555916,3508.353070522186,0.75416016133323,3.0582511095825606,13155.615609356417,4652.0,512
LPDDR4X_nCCD2,Llama2-7B,32K,32768,k_sharded_v_local,discrete,16,1,16,16.0,15,15.0,0.9375,514.7353625393475,143.8407640134179,0.0,143.8407640134179,279.44605030399947,29.141188058268227,1,8,30976,cent_simulation/output/master_attention/LPDDR4X/simulation_results_decode_only_long_context_midpoint_nCCD2.csv,matches current no-inter-device trace mapping,complete TP1 trace,0,2,0.998077392578125,1.0,card_cap_and_power,16,256,256,8235.76580062956,2301.4522242146863,0.4947231780341114,2.7555889692305295,2988.7497346635537,4652.0,64
LPDDR4X_nCCD2,Llama2-7B,128K,131072,k_sharded_v_local,discrete,32,1,32,32.0,7,7.0,0.21875,65.3263149869313,61.286500302304944,0.0,61.286500302304944,938.1594586280502,107.15436805826825,1,8,129280,cent_simulation/output/master_attention/LPDDR4X/simulation_results_decode_only_long_context_midpoint_nCCD2.csv,matches current no-inter-device trace mapping,complete TP1 trace,0,1,0.6211090087890625,2.0,card_cap_and_power,8,256,256,522.6105198954504,490.29200241843955,0.10539380963423034,0.6330324066967978,825.5667709374695,4652.0,16
GDDR6,Llama2-70B,4K,4096,k_sharded_v_local,discrete,27,2,54,26.666666666666668,380,26.666666666666668,0.9876543209876544,1570.5500233759763,1459.0262269014372,0.0,1459.0262269014372,928.9906116872272,16.979189627685546,2,32,2304,cent_simulation/output/master_attention/GDDR6/simulation_results_decode_only_long_context_midpoint.csv,matches current no-inter-device trace mapping,optimistic: helper K/QK energy and score-gather latency are not modeled,0,3,2.6348114013671875,0.03515625,equal_power_unbounded,3,162,,4711.650070127929,4377.078680704311,0.9835247799533327,0.829856917443294,5677.665596430829,4450.4,256
GDDR6,Llama2-70B,32K,32768,k_sharded_v_local,discrete,5,4,20,5.0,7,5.0,1.0,60.73037216078866,143.26268765344216,0.0,143.26268765344216,2358.995714271969,82.33112727783205,4,32,30976,cent_simulation/output/master_attention/GDDR6/simulation_results_decode_only_long_context_midpoint.csv,matches current no-inter-device trace mapping,optimistic: helper K/QK energy and score-gather latency are not modeled,0,16,6.4971923828125,1.25,equal_power_unbounded,31,620,,1882.6415369844485,4441.143317256707,0.9979200335378184,1.8191981590266213,1034.874363544746,4450.4,32
GDDR6,Llama2-70B,128K,131072,k_sharded_v_local,discrete,3,8,24,2.962962962962963,1,1.0,0.3333333333333333,3.234400690413561,22.590512698377346,0.0,22.590512698377346,6984.4508645244105,309.17628819580074,8,32,129280,cent_simulation/output/master_attention/GDDR6/simulation_results_decode_only_long_context_midpoint.csv,matches current no-inter-device trace mapping,optimistic: helper K/QK energy and score-gather latency are not modeled,0,27,5.440044403076172,7.59375,equal_power_unbounded,197,4728,,637.1769360114715,4450.331001580337,0.9999844961307607,2.312609650054405,275.52290806902136,4450.4,8
GDDR6,Llama2-7B,4K,4096,k_sharded_v_local,discrete,3,1,3,2.909090909090909,16,2.909090909090909,0.9696969696969697,954.6942492585076,92.73330263794429,0.0,92.73330263794429,97.13403292202548,3.047144058268229,1,8,2304,cent_simulation/output/master_attention/GDDR6/simulation_results_decode_only_long_context_midpoint.csv,matches current no-inter-device trace mapping,complete TP1 trace,0,11,4.3907928466796875,0.6875,equal_power_unbounded,50,150,,47734.71246292538,4636.665131897214,0.9967035967104932,3.628466647275399,13155.615609356417,4652.0,512
GDDR6,Llama2-7B,32K,32768,k_sharded_v_local,discrete,7,4,28,6.4,9,6.4,0.9142857142857144,509.56359548854346,129.20877654076338,0.0,129.20877654076338,253.56751872528224,12.559766939127604,4,8,30976,cent_simulation/output/master_attention/GDDR6/simulation_results_decode_only_long_context_midpoint.csv,matches current no-inter-device trace mapping,optimistic: helper K/QK energy and score-gather latency are not modeled,0,5,0.5322456359863281,1.5625,equal_power_unbounded,36,1008,,18344.289437587566,4651.515955467482,0.9998959491546607,6.137780365090555,2988.7497346635537,4652.0,64
GDDR6,Llama2-7B,128K,131072,k_sharded_v_local,discrete,8,8,64,8.0,3,3.0,0.375,63.31563910771783,45.537366553990886,0.0,45.537366553990886,719.2119861021845,47.38165865934245,8,8,129280,cent_simulation/output/master_attention/GDDR6/simulation_results_decode_only_long_context_midpoint.csv,matches current no-inter-device trace mapping,optimistic: helper K/QK energy and score-gather latency are not modeled,0,4,0.21900177001953125,4.5,equal_power_unbounded,102,6528,,6458.195188987219,4644.811388507071,0.9984547266782181,7.822741195910341,825.5667709374695,4652.0,16
LPDDR4X_nCCD2,Llama2-70B,4K,4096,k_sharded_v_local,discrete,12,1,12,11.428571428571429,39,11.428571428571429,0.9523809523809524,200.4247902988621,170.46837901148248,0.0,170.46837901148248,850.5353991254759,57.0217457208252,1,32,2304,cent_simulation/output/master_attention/LPDDR4X/simulation_results_decode_only_long_context_midpoint_nCCD2.csv,matches current no-inter-device trace mapping,complete TP1 trace,0,7,11.644744873046875,0.109375,equal_power_unbounded,26,312,,5211.044547770414,4432.177854298545,0.9959055038420244,0.9178146298447466,5677.665596430829,4450.4,256
LPDDR4X_nCCD2,Llama2-70B,32K,32768,k_sharded_v_local,discrete,9,4,36,8.88888888888889,17,8.88888888888889,0.9876543209876544,62.08846188569611,126.93977592561227,0.0,126.93977592561227,2044.498640654143,143.164907277832,4,32,30976,cent_simulation/output/master_attention/LPDDR4X/simulation_results_decode_only_long_context_midpoint_nCCD2.csv,matches current no-inter-device trace mapping,optimistic: helper K/QK energy and score-gather latency are not modeled,0,9,3.7080764770507812,0.703125,equal_power_unbounded,35,1260,,2173.096165999364,4442.892157396429,0.9983129959995571,2.0998647203471896,1034.874363544746,4450.4,32
LPDDR4X_nCCD2,Llama2-70B,128K,131072,k_sharded_v_local,discrete,9,8,72,8.88888888888889,5,5.0,0.5555555555555556,9.651564093698049,56.218102706820254,0.0,56.218102706820254,5824.766033883321,518.0507481958008,8,32,129280,cent_simulation/output/master_attention/LPDDR4X/simulation_results_decode_only_long_context_midpoint_nCCD2.csv,matches current no-inter-device trace mapping,optimistic: helper K/QK energy and score-gather latency are not modeled,0,9,1.8540382385253906,2.53125,equal_power_unbounded,79,5688,,762.4735634021458,4441.2301138388,0.9979395366346397,2.7673690320194293,275.52290806902136,4450.4,8
LPDDR4X_nCCD2,Llama2-7B,4K,4096,k_sharded_v_local,discrete,7,1,7,6.4,44,6.4,0.9142857142857144,1005.829400863898,87.70882676305465,0.0,87.70882676305465,87.2005000924832,6.3629080582682285,1,8,2304,cent_simulation/output/master_attention/LPDDR4X/simulation_results_decode_only_long_context_midpoint_nCCD2.csv,matches current no-inter-device trace mapping,complete TP1 trace,0,5,2.1289825439453125,0.3125,equal_power_unbounded,53,371,,53308.95824578659,4648.567818441897,0.9992622137665298,4.052182720196893,13155.615609356417,4652.0,512
LPDDR4X_nCCD2,Llama2-7B,32K,32768,k_sharded_v_local,discrete,1,4,4,1.0,1,1.0,1.0,53.99547352096187,10.91945705027014,0.0,10.91945705027014,202.22911918776003,18.520070939127603,4,8,30976,cent_simulation/output/master_attention/LPDDR4X/simulation_results_decode_only_long_context_midpoint_nCCD2.csv,matches current no-inter-device trace mapping,optimistic: helper K/QK energy and score-gather latency are not modeled,0,32,3.1378173828125,10.0,equal_power_unbounded,426,1704,,23002.071719929758,4651.6887034150795,0.9999330832792518,7.696218740950929,2988.7497346635537,4652.0,64
LPDDR4X_nCCD2,Llama2-7B,128K,131072,k_sharded_v_local,discrete,16,8,128,16.0,7,7.0,0.4375,106.32072671095692,56.694269966545555,0.0,56.694269966545555,533.2381720891954,65.83852665934245,8,8,129280,cent_simulation/output/master_attention/LPDDR4X/simulation_results_decode_only_long_context_midpoint_nCCD2.csv,matches current no-inter-device trace mapping,optimistic: helper K/QK energy and score-gather latency are not modeled,0,2,0.12475967407226562,2.25,equal_power_unbounded,82,10496,,8718.299590298468,4648.930137256735,0.9993400982925054,10.560380937326768,825.5667709374695,4652.0,16
GDDR6,Llama2-70B,4K,4096,k_sharded_v_local,discrete,16,1,16,16.0,96,16.0,1.0,646.5358118807301,594.1615486794503,0.0,594.1615486794503,918.9924792426788,24.7472757208252,1,32,2304,cent_simulation/output/master_attention/GDDR6/simulation_results_decode_only_long_context_midpoint.csv,matches current no-inter-device trace mapping,complete TP1 trace,0,5,8.457183837890625,0.078125,fixed_cards_exact,8,128,128,5172.286495045841,4753.292389435603,1.0680595877753916,0.910988223451785,5677.665596430829,4450.4,256
GDDR6,Llama2-70B,32K,32768,k_sharded_v_local,discrete,32,1,32,26.666666666666668,28,26.666666666666668,0.8333333333333334,253.95259181504036,657.130658696427,0.0,657.130658696427,2587.6115459181087,105.0064757208252,1,32,30976,cent_simulation/output/master_attention/GDDR6/simulation_results_decode_only_long_context_midpoint.csv,matches current no-inter-device trace mapping,complete TP1 trace,0,3,5.269622802734375,0.375,fixed_cards_exact,4,128,128,1015.8103672601615,2628.522634785708,0.5906261537807181,0.9815784437646278,1034.874363544746,4450.4,32
GDDR6,Llama2-70B,128K,131072,k_sharded_v_local,discrete,32,1,32,26.666666666666668,7,7.0,0.21875,18.412288589550847,152.98017900391514,0.0,152.98017900391514,8308.59120309101,380.1808757208252,1,32,129280,cent_simulation/output/master_attention/GDDR6/simulation_results_decode_only_long_context_midpoint.csv,matches current no-inter-device trace mapping,complete TP1 trace,0,3,5.269622802734375,1.5,fixed_cards_exact,4,128,128,73.64915435820339,611.9207160156606,0.13749791389889912,0.26730682713233234,275.52290806902136,4450.4,8
GDDR6,Llama2-7B,4K,4096,k_sharded_v_local,discrete,1,1,1,1.0,1,1.0,1.0,328.176148182612,31.87707278179335,0.0,31.87707278179335,97.13403292202548,3.047144058268229,1,8,2304,cent_simulation/output/master_attention/GDDR6/simulation_results_decode_only_long_context_midpoint.csv,matches current no-inter-device trace mapping,complete TP1 trace,0,32,12.55126953125,2.0,fixed_cards_exact,128,128,128,42006.546967374336,4080.2653160695486,0.877099165105234,3.193050649602351,13155.615609356417,4652.0,512
GDDR6,Llama2-7B,32K,32768,k_sharded_v_local,discrete,16,1,16,16.0,15,15.0,0.9375,924.3679631649667,286.1894111223062,0.0,286.1894111223062,309.60550616922626,16.227304058268228,1,8,30976,cent_simulation/output/master_attention/GDDR6/simulation_results_decode_only_long_context_midpoint.csv,matches current no-inter-device trace mapping,complete TP1 trace,0,2,0.998077392578125,1.0,fixed_cards_exact,8,128,128,7394.943705319733,2289.5152889784495,0.4921571988345764,2.474259928676226,2988.7497346635537,4652.0,64
GDDR6,Llama2-7B,128K,131072,k_sharded_v_local,discrete,32,1,32,32.0,7,7.0,0.21875,113.97602689076813,118.31613469099614,0.0,118.31613469099614,1038.0791287310574,61.41642405826824,1,8,129280,cent_simulation/output/master_attention/GDDR6/simulation_results_decode_only_long_context_midpoint.csv,matches current no-inter-device trace mapping,complete TP1 trace,0,1,0.6211090087890625,2.0,fixed_cards_exact,4,128,128,455.9041075630725,473.26453876398455,0.10173356379277398,0.5522316590399734,825.5667709374695,4652.0,16
LPDDR4X_nCCD2,Llama2-70B,4K,4096,k_sharded_v_local,discrete,16,1,16,16.0,96,16.0,1.0,280.59470641840693,238.6557306160755,0.0,238.6557306160755,850.5353991254759,57.0217457208252,1,32,2304,cent_simulation/output/master_attention/LPDDR4X/simulation_results_decode_only_long_context_midpoint_nCCD2.csv,matches current no-inter-device trace mapping,complete TP1 trace,0,5,8.457183837890625,0.078125,fixed_cards_exact,16,256,256,4489.515302694511,3818.491689857208,0.858010895617744,0.7907326041739355,5677.665596430829,4450.4,256
LPDDR4X_nCCD2,Llama2-70B,32K,32768,k_sharded_v_local,discrete,32,1,32,26.666666666666668,28,26.666666666666668,0.8333333333333334,127.16433961092056,304.9957941558971,0.0,304.9957941558971,2398.4380769725226,209.7023957208252,1,32,30976,cent_simulation/output/master_attention/LPDDR4X/simulation_results_decode_only_long_context_midpoint_nCCD2.csv,matches current no-inter-device trace mapping,complete TP1 trace,0,3,5.269622802734375,0.375,fixed_cards_exact,8,256,256,1017.3147168873645,2439.966353247177,0.548257764076752,0.9830320981213269,1034.874363544746,4450.4,32
LPDDR4X_nCCD2,Llama2-70B,128K,131072,k_sharded_v_local,discrete,16,2,32,16.0,6,6.0,0.375,9.838503270569394,64.36776628218924,0.0,64.36776628218924,6542.434810662417,609.8488596276856,2,32,129280,cent_simulation/output/master_attention/LPDDR4X/simulation_results_decode_only_long_context_midpoint_nCCD2.csv,matches current no-inter-device trace mapping,optimistic: helper K/QK energy and score-gather latency are not modeled,0,5,4.2285919189453125,1.875,fixed_cards_exact,8,256,256,78.70802616455515,514.9421302575139,0.11570693201903513,0.2856678114940554,275.52290806902136,4450.4,8
LPDDR4X_nCCD2,Llama2-7B,4K,4096,k_sharded_v_local,discrete,1,1,1,1.0,1,1.0,1.0,157.16084388498405,13.70450418172729,0.0,13.70450418172729,87.2005000924832,6.3629080582682285,1,8,2304,cent_simulation/output/master_attention/LPDDR4X/simulation_results_decode_only_long_context_midpoint_nCCD2.csv,matches current no-inter-device trace mapping,complete TP1 trace,0,32,12.55126953125,2.0,fixed_cards_exact,256,256,256,40233.176034555916,3508.353070522186,0.75416016133323,3.0582511095825606,13155.615609356417,4652.0,512
LPDDR4X_nCCD2,Llama2-7B,32K,32768,k_sharded_v_local,discrete,16,1,16,16.0,15,15.0,0.9375,514.7353625393475,143.8407640134179,0.0,143.8407640134179,279.44605030399947,29.141188058268227,1,8,30976,cent_simulation/output/master_attention/LPDDR4X/simulation_results_decode_only_long_context_midpoint_nCCD2.csv,matches current no-inter-device trace mapping,complete TP1 trace,0,2,0.998077392578125,1.0,fixed_cards_exact,16,256,256,8235.76580062956,2301.4522242146863,0.4947231780341114,2.7555889692305295,2988.7497346635537,4652.0,64
LPDDR4X_nCCD2,Llama2-7B,128K,131072,k_sharded_v_local,discrete,32,1,32,32.0,7,7.0,0.21875,65.3263149869313,61.286500302304944,0.0,61.286500302304944,938.1594586280502,107.15436805826825,1,8,129280,cent_simulation/output/master_attention/LPDDR4X/simulation_results_decode_only_long_context_midpoint_nCCD2.csv,matches current no-inter-device trace mapping,complete TP1 trace,0,1,0.6211090087890625,2.0,fixed_cards_exact,8,256,256,522.6105198954504,490.29200241843955,0.10539380963423034,0.6330324066967978,825.5667709374695,4652.0,16
GDDR6,Llama2-70B,4K,4096,master_local,discrete,12,1,12,11.428571428571429,39,11.428571428571429,0.9523809523809524,461.8112942005215,424.4011061996074,0.0,424.4011061996074,918.9924792426788,24.7472757208252,1,32,2304,cent_simulation/output/master_attention/GDDR6/simulation_results_decode_only_long_context_midpoint.csv,capacity sensitivity only; latency/energy still come from the current master trace,complete TP1 trace,0,7,11.644744873046875,0.109375,card_cap_and_power,10,120,128,4618.112942005215,4244.011061996074,0.9536246319423141,0.8133823423676652,5677.665596430829,4450.4,256
GDDR6,Llama2-70B,32K,32768,master_local,discrete,20,1,20,20.0,18,18.0,0.9,171.41799947515224,443.56319462008827,0.0,443.56319462008827,2587.6115459181087,105.0064757208252,1,32,30976,cent_simulation/output/master_attention/GDDR6/simulation_results_decode_only_long_context_midpoint.csv,capacity sensitivity only; latency/energy still come from the current master trace,complete TP1 trace,0,4,6.8634033203125,0.5,card_cap_and_power,6,120,128,1028.5079968509135,2661.3791677205295,0.5980089807029771,0.9938481743116856,1034.874363544746,4450.4,32
GDDR6,Llama2-70B,128K,131072,master_local,discrete,27,1,27,26.666666666666668,7,7.0,0.25925925925925924,18.412288589550847,152.98017900391514,0.0,152.98017900391514,8308.59120309101,380.1808757208252,1,32,129280,cent_simulation/output/master_attention/GDDR6/simulation_results_decode_only_long_context_midpoint.csv,capacity sensitivity only; latency/energy still come from the current master trace,complete TP1 trace,0,3,5.269622802734375,1.5,card_cap_and_power,4,108,128,73.64915435820339,611.9207160156606,0.13749791389889912,0.26730682713233234,275.52290806902136,4450.4,8
GDDR6,Llama2-7B,4K,4096,master_local,discrete,1,1,1,1.0,1,1.0,1.0,328.176148182612,31.87707278179335,0.0,31.87707278179335,97.13403292202548,3.047144058268229,1,8,2304,cent_simulation/output/master_attention/GDDR6/simulation_results_decode_only_long_context_midpoint.csv,capacity sensitivity only; latency/energy still come from the current master trace,complete TP1 trace,0,32,12.55126953125,2.0,card_cap_and_power,128,128,128,42006.546967374336,4080.2653160695486,0.877099165105234,3.193050649602351,13155.615609356417,4652.0,512
GDDR6,Llama2-7B,32K,32768,master_local,discrete,16,1,16,16.0,15,15.0,0.9375,924.3679631649667,286.1894111223062,0.0,286.1894111223062,309.60550616922626,16.227304058268228,1,8,30976,cent_simulation/output/master_attention/GDDR6/simulation_results_decode_only_long_context_midpoint.csv,capacity sensitivity only; latency/energy still come from the current master trace,complete TP1 trace,0,2,0.998077392578125,1.0,card_cap_and_power,8,128,128,7394.943705319733,2289.5152889784495,0.4921571988345764,2.474259928676226,2988.7497346635537,4652.0,64
GDDR6,Llama2-7B,128K,131072,master_local,discrete,32,1,32,32.0,7,7.0,0.21875,113.97602689076813,118.31613469099614,0.0,118.31613469099614,1038.0791287310574,61.41642405826824,1,8,129280,cent_simulation/output/master_attention/GDDR6/simulation_results_decode_only_long_context_midpoint.csv,capacity sensitivity only; latency/energy still come from the current master trace,complete TP1 trace,0,1,0.6211090087890625,2.0,card_cap_and_power,4,128,128,455.9041075630725,473.26453876398455,0.10173356379277398,0.5522316590399734,825.5667709374695,4652.0,16
LPDDR4X_nCCD2,Llama2-70B,4K,4096,master_local,discrete,16,1,16,16.0,96,16.0,1.0,280.59470641840693,238.6557306160755,0.0,238.6557306160755,850.5353991254759,57.0217457208252,1,32,2304,cent_simulation/output/master_attention/LPDDR4X/simulation_results_decode_only_long_context_midpoint_nCCD2.csv,capacity sensitivity only; latency/energy still come from the current master trace,complete TP1 trace,0,5,8.457183837890625,0.078125,card_cap_and_power,16,256,256,4489.515302694511,3818.491689857208,0.858010895617744,0.7907326041739355,5677.665596430829,4450.4,256
LPDDR4X_nCCD2,Llama2-70B,32K,32768,master_local,discrete,27,1,27,26.666666666666668,28,26.666666666666668,0.9876543209876544,127.16433961092056,304.9957941558971,0.0,304.9957941558971,2398.4380769725226,209.7023957208252,1,32,30976,cent_simulation/output/master_attention/LPDDR4X/simulation_results_decode_only_long_context_midpoint_nCCD2.csv,capacity sensitivity only; latency/energy still come from the current master trace,complete TP1 trace,0,3,5.269622802734375,0.375,card_cap_and_power,9,243,256,1144.479056498285,2744.9621474030737,0.6167899845863459,1.1059111103864927,1034.874363544746,4450.4,32
LPDDR4X_nCCD2,Llama2-70B,128K,131072,master_local,discrete,27,1,27,26.666666666666668,7,7.0,0.25925925925925924,9.556073353363466,73.57522629147986,0.0,73.57522629147986,7699.3157723704035,732.5184457208252,1,32,129280,cent_simulation/output/master_attention/LPDDR4X/simulation_results_decode_only_long_context_midpoint_nCCD2.csv,capacity sensitivity only; latency/energy still come from the current master trace,complete TP1 trace,0,3,5.269622802734375,1.5,card_cap_and_power,9,243,256,86.0046601802712,662.1770366233188,0.14879045403184407,0.3121506693691188,275.52290806902136,4450.4,8
LPDDR4X_nCCD2,Llama2-7B,4K,4096,master_local,discrete,1,1,1,1.0,1,1.0,1.0,157.16084388498405,13.70450418172729,0.0,13.70450418172729,87.2005000924832,6.3629080582682285,1,8,2304,cent_simulation/output/master_attention/LPDDR4X/simulation_results_decode_only_long_context_midpoint_nCCD2.csv,capacity sensitivity only; latency/energy still come from the current master trace,complete TP1 trace,0,32,12.55126953125,2.0,card_cap_and_power,256,256,256,40233.176034555916,3508.353070522186,0.75416016133323,3.0582511095825606,13155.615609356417,4652.0,512
LPDDR4X_nCCD2,Llama2-7B,32K,32768,master_local,discrete,16,1,16,16.0,15,15.0,0.9375,514.7353625393475,143.8407640134179,0.0,143.8407640134179,279.44605030399947,29.141188058268227,1,8,30976,cent_simulation/output/master_attention/LPDDR4X/simulation_results_decode_only_long_context_midpoint_nCCD2.csv,capacity sensitivity only; latency/energy still come from the current master trace,complete TP1 trace,0,2,0.998077392578125,1.0,card_cap_and_power,16,256,256,8235.76580062956,2301.4522242146863,0.4947231780341114,2.7555889692305295,2988.7497346635537,4652.0,64
LPDDR4X_nCCD2,Llama2-7B,128K,131072,master_local,discrete,32,1,32,32.0,7,7.0,0.21875,65.3263149869313,61.286500302304944,0.0,61.286500302304944,938.1594586280502,107.15436805826825,1,8,129280,cent_simulation/output/master_attention/LPDDR4X/simulation_results_decode_only_long_context_midpoint_nCCD2.csv,capacity sensitivity only; latency/energy still come from the current master trace,complete TP1 trace,0,1,0.6211090087890625,2.0,card_cap_and_power,8,256,256,522.6105198954504,490.29200241843955,0.10539380963423034,0.6330324066967978,825.5667709374695,4652.0,16
GDDR6,Llama2-70B,4K,4096,master_local,discrete,27,2,54,26.666666666666668,285,26.666666666666668,0.9876543209876544,1570.5500233759763,1459.0262269014372,0.0,1459.0262269014372,928.9906116872272,16.979189627685546,2,32,2304,cent_simulation/output/master_attention/GDDR6/simulation_results_decode_only_long_context_midpoint.csv,capacity sensitivity only; latency/energy still come from the current master trace,optimistic: helper K/QK energy and score-gather latency are not modeled,0,3,2.6348114013671875,0.046875,equal_power_unbounded,3,162,,4711.650070127929,4377.078680704311,0.9835247799533327,0.829856917443294,5677.665596430829,4450.4,256
GDDR6,Llama2-70B,32K,32768,master_local,discrete,6,4,24,5.714285714285714,5,5.0,0.8333333333333334,60.73037216078866,143.26268765344216,0.0,143.26268765344216,2358.995714271969,82.33112727783205,4,32,30976,cent_simulation/output/master_attention/GDDR6/simulation_results_decode_only_long_context_midpoint.csv,capacity sensitivity only; latency/energy still come from the current master trace,optimistic: helper K/QK energy and score-gather latency are not modeled,0,14,5.7003021240234375,1.75,equal_power_unbounded,31,744,,1882.6415369844485,4441.143317256707,0.9979200335378184,1.8191981590266213,1034.874363544746,4450.4,32
GDDR6,Llama2-70B,128K,131072,master_local,discrete,4,8,32,4.0,1,1.0,0.25,3.234400690413561,22.590512698377346,0.0,22.590512698377346,6984.4508645244105,309.17628819580074,8,32,129280,cent_simulation/output/master_attention/GDDR6/simulation_results_decode_only_long_context_midpoint.csv,capacity sensitivity only; latency/energy still come from the current master trace,optimistic: helper K/QK energy and score-gather latency are not modeled,0,20,4.0454864501953125,10.0,equal_power_unbounded,197,6304,,637.1769360114715,4450.331001580337,0.9999844961307607,2.312609650054405,275.52290806902136,4450.4,8
GDDR6,Llama2-7B,4K,4096,master_local,discrete,3,1,3,2.909090909090909,16,2.909090909090909,0.9696969696969697,954.6942492585076,92.73330263794429,0.0,92.73330263794429,97.13403292202548,3.047144058268229,1,8,2304,cent_simulation/output/master_attention/GDDR6/simulation_results_decode_only_long_context_midpoint.csv,capacity sensitivity only; latency/energy still come from the current master trace,complete TP1 trace,0,11,4.3907928466796875,0.6875,equal_power_unbounded,50,150,,47734.71246292538,4636.665131897214,0.9967035967104932,3.628466647275399,13155.615609356417,4652.0,512
GDDR6,Llama2-7B,32K,32768,master_local,discrete,11,4,44,10.666666666666666,10,10.0,0.9090909090909091,796.1931179508491,201.88871334494277,0.0,201.88871334494277,253.56751872528224,12.559766939127604,4,8,30976,cent_simulation/output/master_attention/GDDR6/simulation_results_decode_only_long_context_midpoint.csv,capacity sensitivity only; latency/energy still come from the current master trace,optimistic: helper K/QK energy and score-gather latency are not modeled,0,3,0.3437614440917969,1.5,equal_power_unbounded,23,1012,,18312.44171286953,4643.440406933683,0.9981600186873781,6.127124496401161,2988.7497346635537,4652.0,64
GDDR6,Llama2-7B,128K,131072,master_local,discrete,5,8,40,4.571428571428571,1,1.0,0.2,21.105213035905944,15.17912218466363,0.0,15.17912218466363,719.2119861021845,47.38165865934245,8,8,129280,cent_simulation/output/master_attention/GDDR6/simulation_results_decode_only_long_context_midpoint.csv,capacity sensitivity only; latency/energy still come from the current master trace,optimistic: helper K/QK energy and score-gather latency are not modeled,0,7,0.3603649139404297,14.0,equal_power_unbounded,306,12240,,6458.195188987219,4644.811388507071,0.9984547266782181,7.822741195910341,825.5667709374695,4652.0,16
LPDDR4X_nCCD2,Llama2-70B,4K,4096,master_local,discrete,12,1,12,11.428571428571429,39,11.428571428571429,0.9523809523809524,200.4247902988621,170.46837901148248,0.0,170.46837901148248,850.5353991254759,57.0217457208252,1,32,2304,cent_simulation/output/master_attention/LPDDR4X/simulation_results_decode_only_long_context_midpoint_nCCD2.csv,capacity sensitivity only; latency/energy still come from the current master trace,complete TP1 trace,0,7,11.644744873046875,0.109375,equal_power_unbounded,26,312,,5211.044547770414,4432.177854298545,0.9959055038420244,0.9178146298447466,5677.665596430829,4450.4,256
LPDDR4X_nCCD2,Llama2-70B,32K,32768,master_local,discrete,9,4,36,8.88888888888889,10,8.88888888888889,0.9876543209876544,62.08846188569611,126.93977592561227,0.0,126.93977592561227,2044.498640654143,143.164907277832,4,32,30976,cent_simulation/output/master_attention/LPDDR4X/simulation_results_decode_only_long_context_midpoint_nCCD2.csv,capacity sensitivity only; latency/energy still come from the current master trace,optimistic: helper K/QK energy and score-gather latency are not modeled,0,9,3.7080764770507812,1.125,equal_power_unbounded,35,1260,,2173.096165999364,4442.892157396429,0.9983129959995571,2.0998647203471896,1034.874363544746,4450.4,32
LPDDR4X_nCCD2,Llama2-70B,128K,131072,master_local,discrete,16,8,128,16.0,5,5.0,0.3125,9.651564093698049,56.218102706820254,0.0,56.218102706820254,5824.766033883321,518.0507481958008,8,32,129280,cent_simulation/output/master_attention/LPDDR4X/simulation_results_decode_only_long_context_midpoint_nCCD2.csv,capacity sensitivity only; latency/energy still come from the current master trace,optimistic: helper K/QK energy and score-gather latency are not modeled,0,5,1.0571479797363281,2.5,equal_power_unbounded,79,10112,,762.4735634021458,4441.2301138388,0.9979395366346397,2.7673690320194293,275.52290806902136,4450.4,8
LPDDR4X_nCCD2,Llama2-7B,4K,4096,master_local,discrete,7,1,7,6.4,44,6.4,0.9142857142857144,1005.829400863898,87.70882676305465,0.0,87.70882676305465,87.2005000924832,6.3629080582682285,1,8,2304,cent_simulation/output/master_attention/LPDDR4X/simulation_results_decode_only_long_context_midpoint_nCCD2.csv,capacity sensitivity only; latency/energy still come from the current master trace,complete TP1 trace,0,5,2.1289825439453125,0.3125,equal_power_unbounded,53,371,,53308.95824578659,4648.567818441897,0.9992622137665298,4.052182720196893,13155.615609356417,4652.0,512
LPDDR4X_nCCD2,Llama2-7B,32K,32768,master_local,discrete,7,4,28,6.4,6,6.0,0.8571428571428571,323.97284112577125,65.51674230162084,0.0,65.51674230162084,202.22911918776003,18.520070939127603,4,8,30976,cent_simulation/output/master_attention/LPDDR4X/simulation_results_decode_only_long_context_midpoint_nCCD2.csv,capacity sensitivity only; latency/energy still come from the current master trace,optimistic: helper K/QK energy and score-gather latency are not modeled,0,5,0.5322456359863281,2.5,equal_power_unbounded,71,1988,,23002.071719929758,4651.6887034150795,0.9999330832792518,7.696218740950929,2988.7497346635537,4652.0,64
LPDDR4X_nCCD2,Llama2-7B,128K,131072,master_local,discrete,32,8,256,32.0,7,7.0,0.21875,106.32072671095692,56.694269966545555,0.0,56.694269966545555,533.2381720891954,65.83852665934245,8,8,129280,cent_simulation/output/master_attention/LPDDR4X/simulation_results_decode_only_long_context_midpoint_nCCD2.csv,capacity sensitivity only; latency/energy still come from the current master trace,optimistic: helper K/QK energy and score-gather latency are not modeled,0,1,0.07763862609863281,2.0,equal_power_unbounded,82,20992,,8718.299590298468,4648.930137256735,0.9993400982925054,10.560380937326768,825.5667709374695,4652.0,16
GDDR6,Llama2-70B,4K,4096,master_local,discrete,16,1,16,16.0,96,16.0,1.0,646.5358118807301,594.1615486794503,0.0,594.1615486794503,918.9924792426788,24.7472757208252,1,32,2304,cent_simulation/output/master_attention/GDDR6/simulation_results_decode_only_long_context_midpoint.csv,capacity sensitivity only; latency/energy still come from the current master trace,complete TP1 trace,0,5,8.457183837890625,0.078125,fixed_cards_exact,8,128,128,5172.286495045841,4753.292389435603,1.0680595877753916,0.910988223451785,5677.665596430829,4450.4,256
GDDR6,Llama2-70B,32K,32768,master_local,discrete,32,1,32,26.666666666666668,28,26.666666666666668,0.8333333333333334,253.95259181504036,657.130658696427,0.0,657.130658696427,2587.6115459181087,105.0064757208252,1,32,30976,cent_simulation/output/master_attention/GDDR6/simulation_results_decode_only_long_context_midpoint.csv,capacity sensitivity only; latency/energy still come from the current master trace,complete TP1 trace,0,3,5.269622802734375,0.375,fixed_cards_exact,4,128,128,1015.8103672601615,2628.522634785708,0.5906261537807181,0.9815784437646278,1034.874363544746,4450.4,32
GDDR6,Llama2-70B,128K,131072,master_local,discrete,32,1,32,26.666666666666668,7,7.0,0.21875,18.412288589550847,152.98017900391514,0.0,152.98017900391514,8308.59120309101,380.1808757208252,1,32,129280,cent_simulation/output/master_attention/GDDR6/simulation_results_decode_only_long_context_midpoint.csv,capacity sensitivity only; latency/energy still come from the current master trace,complete TP1 trace,0,3,5.269622802734375,1.5,fixed_cards_exact,4,128,128,73.64915435820339,611.9207160156606,0.13749791389889912,0.26730682713233234,275.52290806902136,4450.4,8
GDDR6,Llama2-7B,4K,4096,master_local,discrete,1,1,1,1.0,1,1.0,1.0,328.176148182612,31.87707278179335,0.0,31.87707278179335,97.13403292202548,3.047144058268229,1,8,2304,cent_simulation/output/master_attention/GDDR6/simulation_results_decode_only_long_context_midpoint.csv,capacity sensitivity only; latency/energy still come from the current master trace,complete TP1 trace,0,32,12.55126953125,2.0,fixed_cards_exact,128,128,128,42006.546967374336,4080.2653160695486,0.877099165105234,3.193050649602351,13155.615609356417,4652.0,512
GDDR6,Llama2-7B,32K,32768,master_local,discrete,16,1,16,16.0,15,15.0,0.9375,924.3679631649667,286.1894111223062,0.0,286.1894111223062,309.60550616922626,16.227304058268228,1,8,30976,cent_simulation/output/master_attention/GDDR6/simulation_results_decode_only_long_context_midpoint.csv,capacity sensitivity only; latency/energy still come from the current master trace,complete TP1 trace,0,2,0.998077392578125,1.0,fixed_cards_exact,8,128,128,7394.943705319733,2289.5152889784495,0.4921571988345764,2.474259928676226,2988.7497346635537,4652.0,64
GDDR6,Llama2-7B,128K,131072,master_local,discrete,32,1,32,32.0,7,7.0,0.21875,113.97602689076813,118.31613469099614,0.0,118.31613469099614,1038.0791287310574,61.41642405826824,1,8,129280,cent_simulation/output/master_attention/GDDR6/simulation_results_decode_only_long_context_midpoint.csv,capacity sensitivity only; latency/energy still come from the current master trace,complete TP1 trace,0,1,0.6211090087890625,2.0,fixed_cards_exact,4,128,128,455.9041075630725,473.26453876398455,0.10173356379277398,0.5522316590399734,825.5667709374695,4652.0,16
LPDDR4X_nCCD2,Llama2-70B,4K,4096,master_local,discrete,16,1,16,16.0,96,16.0,1.0,280.59470641840693,238.6557306160755,0.0,238.6557306160755,850.5353991254759,57.0217457208252,1,32,2304,cent_simulation/output/master_attention/LPDDR4X/simulation_results_decode_only_long_context_midpoint_nCCD2.csv,capacity sensitivity only; latency/energy still come from the current master trace,complete TP1 trace,0,5,8.457183837890625,0.078125,fixed_cards_exact,16,256,256,4489.515302694511,3818.491689857208,0.858010895617744,0.7907326041739355,5677.665596430829,4450.4,256
LPDDR4X_nCCD2,Llama2-70B,32K,32768,master_local,discrete,32,1,32,26.666666666666668,28,26.666666666666668,0.8333333333333334,127.16433961092056,304.9957941558971,0.0,304.9957941558971,2398.4380769725226,209.7023957208252,1,32,30976,cent_simulation/output/master_attention/LPDDR4X/simulation_results_decode_only_long_context_midpoint_nCCD2.csv,capacity sensitivity only; latency/energy still come from the current master trace,complete TP1 trace,0,3,5.269622802734375,0.375,fixed_cards_exact,8,256,256,1017.3147168873645,2439.966353247177,0.548257764076752,0.9830320981213269,1034.874363544746,4450.4,32
LPDDR4X_nCCD2,Llama2-70B,128K,131072,master_local,discrete,32,1,32,26.666666666666668,7,7.0,0.21875,9.556073353363466,73.57522629147986,0.0,73.57522629147986,7699.3157723704035,732.5184457208252,1,32,129280,cent_simulation/output/master_attention/LPDDR4X/simulation_results_decode_only_long_context_midpoint_nCCD2.csv,capacity sensitivity only; latency/energy still come from the current master trace,complete TP1 trace,0,3,5.269622802734375,1.5,fixed_cards_exact,8,256,256,76.44858682690773,588.6018103318389,0.13225818136163917,0.2774672616614389,275.52290806902136,4450.4,8
LPDDR4X_nCCD2,Llama2-7B,4K,4096,master_local,discrete,1,1,1,1.0,1,1.0,1.0,157.16084388498405,13.70450418172729,0.0,13.70450418172729,87.2005000924832,6.3629080582682285,1,8,2304,cent_simulation/output/master_attention/LPDDR4X/simulation_results_decode_only_long_context_midpoint_nCCD2.csv,capacity sensitivity only; latency/energy still come from the current master trace,complete TP1 trace,0,32,12.55126953125,2.0,fixed_cards_exact,256,256,256,40233.176034555916,3508.353070522186,0.75416016133323,3.0582511095825606,13155.615609356417,4652.0,512
LPDDR4X_nCCD2,Llama2-7B,32K,32768,master_local,discrete,16,1,16,16.0,15,15.0,0.9375,514.7353625393475,143.8407640134179,0.0,143.8407640134179,279.44605030399947,29.141188058268227,1,8,30976,cent_simulation/output/master_attention/LPDDR4X/simulation_results_decode_only_long_context_midpoint_nCCD2.csv,capacity sensitivity only; latency/energy still come from the current master trace,complete TP1 trace,0,2,0.998077392578125,1.0,fixed_cards_exact,16,256,256,8235.76580062956,2301.4522242146863,0.4947231780341114,2.7555889692305295,2988.7497346635537,4652.0,64
LPDDR4X_nCCD2,Llama2-7B,128K,131072,master_local,discrete,32,1,32,32.0,7,7.0,0.21875,65.3263149869313,61.286500302304944,0.0,61.286500302304944,938.1594586280502,107.15436805826825,1,8,129280,cent_simulation/output/master_attention/LPDDR4X/simulation_results_decode_only_long_context_midpoint_nCCD2.csv,capacity sensitivity only; latency/energy still come from the current master trace,complete TP1 trace,0,1,0.6211090087890625,2.0,fixed_cards_exact,8,256,256,522.6105198954504,490.29200241843955,0.10539380963423034,0.6330324066967978,825.5667709374695,4652.0,16
