Model,Device number,Pipeline parallelism,Tensor parallelism,Channels per device,Banks per device,Channels per block,Sequence length,Context window,PIM latency,CXL latency,Acc latency,TransformerBlock latency,Embedding latency,Token latency (ms),Throughput (tokens/s),Token energy (mJ),Total power (W),Device utilization,DRAM energy model
Llama2-70B,32,1,32,32,16,32,2304,4096,0.0622655,0.0245713464355468,0.018247,0.1050838464355468,0.0,8.40670771484375,118.95263091332376,2171.3629289874,258.2893330707118,1.0,legacy
Llama2-70B,32,1,32,32,16,32,30976,32768,0.45223,0.0245713464355468,0.215367,0.6921683464355469,0.0,55.37346771484376,18.05919046193189,2708.558864247285,48.91438040679565,1.0,legacy
Llama2-70B,32,1,32,32,16,32,129280,131072,1.800334,0.024571346435546874,0.8912069999999999,2.7161123464355468,0.0,217.28898771484376,4.6021660394144615,4571.794654266869,21.040158097043562,1.0,legacy
Llama2-70B,32,2,16,32,16,32,2304,4096,0.0660295,0.0239752999877929,0.018247,0.1082517999877929,0.0,8.660143999023438,230.94304208169405,1347.2424378390058,311.13626701609763,1.0,legacy
Llama2-70B,32,2,16,32,16,32,30976,32768,0.463314,0.0239752999877929,0.215367,0.702656299987793,0.0,56.21250399902344,35.57927254111906,1889.0610143848453,67.21141667760125,1.0,legacy
Llama2-70B,32,2,16,32,16,32,129280,131072,1.833378,0.023975299987792967,0.8912069999999999,2.7485602999877927,0.0,219.8848239990234,9.095670922741274,3761.076679474998,34.209515791701044,1.0,legacy
Llama2-70B,32,4,8,32,16,32,2304,4096,0.0767575,0.0227236024475097,0.018247,0.1177281024475097,0.0,9.418248195800782,424.7074314503029,1035.3569103367197,439.7237740234297,1.0,legacy
Llama2-70B,32,4,8,32,16,32,30976,32768,0.488682,0.0227236024475097,0.215367,0.7267726024475099,0.0,58.14180819580079,68.7973099586004,1604.2289402100207,110.3666356441858,1.0,legacy
Llama2-70B,32,4,8,32,16,32,129280,131072,1.902666,0.022723602447509764,0.8912069999999999,2.8165966024475093,0.0,225.32772819580074,17.751920866677185,3554.860940888907,63.10561011470148,1.0,legacy
Llama2-70B,32,8,4,32,16,32,2304,4096,0.103268,0.0212930909729003,0.018247,0.1428080909729004,0.0,11.424647277832031,700.2404367899312,916.5170910133668,641.782328136637,1.0,legacy
Llama2-70B,32,8,4,32,16,32,30976,32768,0.5413,0.0212930909729003,0.215367,0.7779600909729005,0.0,62.23680727783204,128.54129814672382,1540.2150390159122,197.9812405402122,1.0,legacy
Llama2-70B,32,8,4,32,16,32,129280,131072,2.043124,0.02129309097290039,0.8912069999999999,2.9556240909729006,0.0,236.44992727783205,33.833801905127615,3678.6080035960654,124.46129448028624,1.0,legacy
Llama2-70B,32,16,2,32,16,32,2304,4096,0.153856,0.0184618703460693,0.018247,0.1905648703460693,0.0,15.245189627685548,1049.5113797039105,861.8374041658493,904.508163126537,1.0,legacy
Llama2-70B,32,16,2,32,16,32,30976,32768,0.643128,0.0184618703460693,0.215367,0.8769568703460695,0.0,70.15654962768556,228.06138678299527,1599.5146237996885,364.787523283438,1.0,legacy
Llama2-70B,32,16,2,32,16,32,129280,131072,2.320632,0.018461870346069335,0.8912069999999999,3.2303008703460687,0.0,258.4240696276855,61.91373745894251,4128.693662544277,255.6228554711661,1.0,legacy
Llama2-70B,32,32,1,32,16,32,2304,4096,0.259529,0.0130229465103149,0.018247,0.2907989465103149,0.0,23.2639157208252,1375.5208015714445,861.6845574553341,1185.2650331726963,1.0,legacy
Llama2-70B,32,32,1,32,16,32,30976,32768,0.873457,0.0130229465103149,0.215367,1.1018469465103151,0.0,88.14775572082522,363.0268262455591,1901.2618633382835,690.2090601094148,1.0,legacy
Llama2-70B,32,32,1,32,16,32,129280,131072,2.978353,0.01302294651031494,0.8912069999999999,3.8825829465103148,0.0,310.6066357208252,103.02419948542813,5465.526912079824,563.0815348830878,1.0,legacy
Llama2-70B,32,80,1,32,16,10,2304,4096,0.8123865,0.0014614998626708,0.054741,0.8685889998626709,0.0,69.48711998901368,1151.2924987054937,869.8724480025057,1001.4776242158692,0.84375,legacy
Llama2-70B,32,80,1,32,16,10,30976,32768,2.7197345,0.0014614998626708,0.646101,3.3672969998626705,0.0,269.38375998901364,296.9741011977213,1922.9684007915648,571.0718124566946,0.84375,legacy
Llama2-70B,32,80,1,32,16,10,129280,131072,9.2601585,0.0014614998626708,2.673621,11.935240999862671,0.0,954.8192799890136,83.78548870621935,5544.925256162842,464.5842724270623,0.84375,legacy
Llama2-7B,8,1,8,32,16,32,2304,4096,0.031812,0.0042958331044514,0.00981,0.0459178331044514,0.0,1.4693706593424478,680.563473648988,121.30377756386338,82.55492022560703,1.0,legacy
Llama2-7B,8,1,8,32,16,32,30976,32768,0.228512,0.0042958331044514,0.10837,0.3411778331044515,0.0,10.917690659342448,91.59446179621176,218.74486672353464,20.03581833822623,1.0,legacy
Llama2-7B,8,1,8,32,16,32,129280,131072,0.902912,0.0042958331044514,0.4462899999999999,1.3534978331044516,0.0,43.31193065934245,23.08832658292729,552.8286009852645,12.76388728393059,1.0,legacy
Llama2-7B,8,2,4,32,16,32,2304,4096,0.0400625,0.0040872168477376,0.00981,0.0539597168477376,0.0,1.726710939127604,1158.271459732844,105.41153006114604,122.09516679659622,1.0,legacy
Llama2-7B,8,2,4,32,16,32,30976,32768,0.2534225,0.0040872168477376,0.10837,0.3658797168477376,0.0,11.708150939127604,170.82116641631063,218.84032696443285,37.38255991099121,1.0,legacy
Llama2-7B,8,2,4,32,16,32,129280,131072,0.9849425,0.0040872168477376,0.4462899999999999,1.4353197168477376,0.0,45.9302309391276,43.544305332377846,607.739059204273,26.46357515640292,1.0,legacy
Llama2-7B,8,4,2,32,16,32,2304,4096,0.0537405,0.0038090618387858,0.00981,0.0673595618387858,0.0,2.1555059788411457,1855.7127835713547,96.15679583782484,178.4393952635124,1.0,legacy
Llama2-7B,8,4,2,32,16,32,30976,32768,0.3004205,0.0038090618387858,0.10837,0.4125995618387858,0.0,13.203185978841146,302.9571806691375,242.45141676612005,73.45239767270178,1.0,legacy
Llama2-7B,8,4,2,32,16,32,129280,131072,1.1461805,0.0038090618387858,0.4462899999999999,1.5962795618387855,0.0,51.08094597884114,78.30708541805174,744.0329742345605,58.26305366723282,1.0,legacy
Llama2-7B,8,8,1,32,16,32,2304,4096,0.082232,0.0032527518208821,0.00981,0.0952947518208821,0.0,3.0494320582682293,2623.439331369526,97.15125323464558,254.87041882761008,1.0,legacy
Llama2-7B,8,8,1,32,16,32,30976,32768,0.395552,0.0032527518208821,0.10837,0.5071747518208821,0.0,16.229592058268228,492.92674586508593,309.6227264818464,152.6213230105721,1.0,legacy
Llama2-7B,8,8,1,32,16,32,129280,131072,1.469792,0.0032527518208821,0.4462899999999999,1.919334751820882,0.0,61.41871205826823,130.25346399986964,1038.0963490436775,135.21564542855674,1.0,legacy
Llama2-7B,8,32,1,32,16,8,2304,4096,0.306136,0.00032238887363,0.03924,0.3456983888736301,0.0,11.062348443956164,2892.694997099189,90.45366567393332,261.6548661642696,1.0,legacy
Llama2-7B,8,32,1,32,16,8,30976,32768,1.540768,0.00032238887363,0.43348,1.97457038887363,0.0,63.18625244395616,506.43927693579866,298.2149895532093,151.02778368074405,1.0,legacy
Llama2-7B,8,32,1,32,16,8,129280,131072,5.773792,0.00032238887363,1.78516,7.5592743888736305,0.0,241.8967804439561,132.28782930169638,1010.53952856787,133.68208065780314,1.0,legacy
