Case,Model,Context,Context window,Active sequence length,Max throughput (tokens/s),Token latency (ms),Token energy (mJ),Pipeline parallelism,Tensor parallelism,Source CSV
GDDR6,Llama2-7B,4K,4096,2304,2892.694997099189,11.062348443956164,90.45366567393332,32,1,cent_simulation/output/GDDR6/simulation_results_decode_only_long_context_midpoint.csv
GDDR6,Llama2-7B,32K,32768,30976,506.43927693579866,63.18625244395616,298.2149895532093,32,1,cent_simulation/output/GDDR6/simulation_results_decode_only_long_context_midpoint.csv
GDDR6,Llama2-7B,128K,131072,129280,132.28782930169638,241.8967804439561,1010.53952856787,32,1,cent_simulation/output/GDDR6/simulation_results_decode_only_long_context_midpoint.csv
GDDR6,Llama2-70B,4K,4096,2304,1375.5208015714445,23.2639157208252,861.6845574553341,32,1,cent_simulation/output/GDDR6/simulation_results_decode_only_long_context_midpoint.csv
GDDR6,Llama2-70B,32K,32768,30976,363.0268262455591,88.14775572082522,1901.2618633382835,32,1,cent_simulation/output/GDDR6/simulation_results_decode_only_long_context_midpoint.csv
GDDR6,Llama2-70B,128K,131072,129280,103.02419948542811,310.6066357208252,5465.526912079824,32,1,cent_simulation/output/GDDR6/simulation_results_decode_only_long_context_midpoint.csv
LPDDR4X nCCD=2,Llama2-7B,4K,4096,2304,1390.1138999772354,23.019696443956164,81.02825060105225,32,1,cent_simulation/output/LPDDR4X/simulation_results_decode_only_long_context_midpoint_nCCD2.csv
LPDDR4X nCCD=2,Llama2-7B,32K,32768,30976,321.50155228251646,99.53295644395617,252.71433652750744,32,1,cent_simulation/output/LPDDR4X/simulation_results_decode_only_long_context_midpoint_nCCD2.csv
LPDDR4X nCCD=2,Llama2-7B,128K,131072,129280,88.46882992840506,361.70931644395614,840.951168672209,32,1,cent_simulation/output/LPDDR4X/simulation_results_decode_only_long_context_midpoint_nCCD2.csv
LPDDR4X nCCD=2,Llama2-70B,4K,4096,2304,601.5942730923268,53.1919957208252,789.156921931778,32,1,cent_simulation/output/LPDDR4X/simulation_results_decode_only_long_context_midpoint_nCCD2.csv
LPDDR4X nCCD=2,Llama2-70B,32K,32768,30976,192.6385632554838,166.1141957208252,1756.3387494834487,32,1,cent_simulation/output/LPDDR4X/simulation_results_decode_only_long_context_midpoint_nCCD2.csv
LPDDR4X nCCD=2,Llama2-70B,128K,131072,129280,57.86317140736002,553.0287957208252,5070.506207043462,32,1,cent_simulation/output/LPDDR4X/simulation_results_decode_only_long_context_midpoint_nCCD2.csv
LPDDR4X nCCD=6,Llama2-7B,4K,4096,2304,758.782616345415,42.172816443956165,88.74798770924149,32,1,cent_simulation/output/LPDDR4X/simulation_results_decode_only_long_context_midpoint_nCCD6.csv
LPDDR4X nCCD=6,Llama2-7B,32K,32768,30976,220.06210415505083,145.41349644395618,274.5421330250801,32,1,cent_simulation/output/LPDDR4X/simulation_results_decode_only_long_context_midpoint_nCCD6.csv
LPDDR4X nCCD=6,Llama2-7B,128K,131072,129280,64.12282644765111,499.04225644395615,911.1375944575656,32,1,cent_simulation/output/LPDDR4X/simulation_results_decode_only_long_context_midpoint_nCCD6.csv
LPDDR4X nCCD=6,Llama2-70B,4K,4096,2304,316.4932681323933,101.1079957208252,865.4904131084107,32,1,cent_simulation/output/LPDDR4X/simulation_results_decode_only_long_context_midpoint_nCCD6.csv
LPDDR4X nCCD=6,Llama2-70B,32K,32768,30976,128.89676276419013,248.2606957208252,1904.722313701432,32,1,cent_simulation/output/LPDDR4X/simulation_results_decode_only_long_context_midpoint_nCCD6.csv
LPDDR4X nCCD=6,Llama2-70B,128K,131072,129280,42.51698444826721,752.6403957208252,5467.262488538174,32,1,cent_simulation/output/LPDDR4X/simulation_results_decode_only_long_context_midpoint_nCCD6.csv
