Case,Model,Context,Context window,Active sequence length,Pipeline parallelism,Tensor parallelism,Device count,Max resident microbatch,Microbatch used for throughput,Pipeline fill ratio,Bottleneck pipeline stage,Layers at bottleneck stage,Static model footprint / bottleneck device (GiB),KV cache / request / bottleneck device (GiB),KV cache / request / model (GiB),KV cache mapping,Unconstrained throughput (tokens/s),Capacity-constrained throughput (tokens/s),Token energy (mJ),System power (W),Power / active PIM device (W),Power / deployed PIM device (W),Device capacity (GiB),Per-device reserve (GiB),Source CSV
GDDR6,Llama2-70B,4K,4096,2304,32,1,32,228,32,1.0,0,3,5.269622802734375,0.046875,1.25,master-local,1293.0716237614604,1293.0716237614604,918.9924792426788,1188.323097358901,37.13509679246565,37.13509679246565,16.0,0.0,cent_simulation/output/master_attention/GDDR6/simulation_results_decode_only_long_context_midpoint.csv
GDDR6,Llama2-70B,32K,32768,30976,32,1,32,28,28,0.875,0,3,5.269622802734375,0.375,10.0,master-local,304.7431101780484,266.65022140579237,2587.6115459181087,689.9871916312484,21.562099738476512,21.562099738476512,16.0,0.0,cent_simulation/output/master_attention/GDDR6/simulation_results_decode_only_long_context_midpoint.csv
GDDR6,Llama2-70B,128K,131072,129280,32,1,32,7,7,0.21875,0,3,5.269622802734375,1.5,40.0,master-local,84.17046212366103,18.412288589550847,8308.59120309101,152.98017900391514,4.780630593872348,4.780630593872348,16.0,0.0,cent_simulation/output/master_attention/GDDR6/simulation_results_decode_only_long_context_midpoint.csv
LPDDR4X nCCD=2,Llama2-70B,4K,4096,2304,32,1,32,228,32,1.0,0,3,5.269622802734375,0.046875,1.25,master-local,561.1894128368139,561.1894128368139,850.5353991254759,477.311461232151,14.915983163504718,14.915983163504718,16.0,0.0,cent_simulation/output/master_attention/LPDDR4X/simulation_results_decode_only_long_context_midpoint_nCCD2.csv
LPDDR4X nCCD=2,Llama2-70B,32K,32768,30976,32,1,32,28,28,0.875,0,3,5.269622802734375,0.375,10.0,master-local,152.5972075331047,133.5225565914666,2398.4380769725226,320.245583863692,10.007674495740375,10.007674495740375,16.0,0.0,cent_simulation/output/master_attention/LPDDR4X/simulation_results_decode_only_long_context_midpoint_nCCD2.csv
LPDDR4X nCCD=2,Llama2-70B,128K,131072,129280,32,1,32,7,7,0.21875,0,3,5.269622802734375,1.5,40.0,master-local,43.68490675823299,9.556073353363466,7699.3157723704035,73.57522629147986,2.299225821608746,2.299225821608746,16.0,0.0,cent_simulation/output/master_attention/LPDDR4X/simulation_results_decode_only_long_context_midpoint_nCCD2.csv
LPDDR4X nCCD=6,Llama2-70B,4K,4096,2304,32,1,32,228,32,1.0,0,3,5.269622802734375,0.046875,1.25,master-local,296.8361100205708,296.8361100205708,931.2834061037562,276.4385435945465,8.638704487329578,8.638704487329578,16.0,0.0,cent_simulation/output/master_attention/LPDDR4X/simulation_results_decode_only_long_context_midpoint_nCCD6.csv
LPDDR4X nCCD=6,Llama2-70B,32K,32768,30976,32,1,32,28,28,0.875,0,3,5.269622802734375,0.375,10.0,master-local,96.9915654166996,84.86761973961215,2601.7158875740124,220.80143461713882,6.900044831785588,6.900044831785588,16.0,0.0,cent_simulation/output/master_attention/LPDDR4X/simulation_results_decode_only_long_context_midpoint_nCCD6.csv
LPDDR4X nCCD=6,Llama2-70B,128K,131072,129280,32,1,32,7,7,0.21875,0,3,5.269622802734375,1.5,40.0,master-local,29.36243431246988,6.423032505852786,8319.831396898526,53.43854750549383,1.6699546095466822,1.6699546095466822,16.0,0.0,cent_simulation/output/master_attention/LPDDR4X/simulation_results_decode_only_long_context_midpoint_nCCD6.csv
