Model,Context,Context window,System,Base throughput (tokens/s),Scale factor,Equal-power throughput (tokens/s),Steady-state system power (W),Power / DGX H100,Base device count,Equal-power device count,Pipeline parallelism,Tensor parallelism,Active sequence length,DGX batch,Source,Base trace throughput (tokens/s),Max resident microbatch,Microbatch used for throughput,Pipeline fill ratio
Llama2-7B,4K,4096,DGX H100 (8 GPUs),13155.615609356417,1,13155.615609356417,4652.0,1.0,8,8,,,4096,512,DGX_H100_profile_results.csv,,,,
Llama2-7B,4K,4096,GDDR6 (128 PIM cards),2625.409185460896,16,42006.546967374336,4080.2653160695486,0.877099165105234,8,128,8,1,2304,,cent_simulation/output/master_attention/GDDR6/simulation_results_decode_only_long_context_midpoint.csv,2625.409185460896,56,8,1.0
Llama2-7B,4K,4096,LPDDR4X nCCD=2 (288 PIM cards),1257.2867510798724,36,45262.3230388754,3946.8972043374592,0.8484301814998838,8,288,8,1,2304,,cent_simulation/output/master_attention/LPDDR4X/simulation_results_decode_only_long_context_midpoint_nCCD2.csv,1257.2867510798724,56,8,1.0
Llama2-7B,4K,4096,LPDDR4X nCCD=6 (512 PIM cards),706.2890055914951,64,45202.496357855685,4313.280293395172,0.9271883691735107,8,512,8,1,2304,,cent_simulation/output/master_attention/LPDDR4X/simulation_results_decode_only_long_context_midpoint_nCCD6.csv,706.2890055914951,56,8,1.0
Llama2-7B,32K,32768,DGX H100 (8 GPUs),2988.7497346635537,1,2988.7497346635537,4652.0,1.0,8,8,,,32768,64,DGX_H100_profile_results.csv,,,,
Llama2-7B,32K,32768,GDDR6 (128 PIM cards),431.37171614365116,16,6901.9474582984185,2136.880936379887,0.45934671891227147,8,128,8,1,30976,,cent_simulation/output/master_attention/GDDR6/simulation_results_decode_only_long_context_midpoint.csv,492.9962470213156,7,7,0.875
Llama2-7B,32K,32768,LPDDR4X nCCD=2 (288 PIM cards),240.20983585169552,36,8647.554090661039,2416.524835425421,0.519459336935817,8,288,8,1,30976,,cent_simulation/output/master_attention/LPDDR4X/simulation_results_decode_only_long_context_midpoint_nCCD2.csv,274.525526687652,7,7,0.875
Llama2-7B,32K,32768,LPDDR4X nCCD=6 (512 PIM cards),170.79649310021182,64,10930.975558413556,3302.849507323972,0.7099848468022295,8,512,8,1,30976,,cent_simulation/output/master_attention/LPDDR4X/simulation_results_decode_only_long_context_midpoint_nCCD6.csv,195.1959921145278,7,7,0.875
Llama2-7B,128K,131072,DGX H100 (8 GPUs),825.5667709374695,1,825.5667709374695,4652.0,1.0,8,8,,,131072,16,DGX_H100_profile_results.csv,,,,
Llama2-7B,128K,131072,GDDR6 (128 PIM cards),16.282289555824022,16,260.51663289318435,270.4368792937055,0.05813346502444228,8,128,8,1,129280,,cent_simulation/output/master_attention/GDDR6/simulation_results_decode_only_long_context_midpoint.csv,130.25831644659218,1,1,0.125
Llama2-7B,128K,131072,LPDDR4X nCCD=2 (288 PIM cards),9.332330712418756,36,335.9639056470752,315.1877158404254,0.06775316333629093,8,288,8,1,129280,,cent_simulation/output/master_attention/LPDDR4X/simulation_results_decode_only_long_context_midpoint_nCCD2.csv,74.65864569935005,1,1,0.125
Llama2-7B,128K,131072,LPDDR4X nCCD=6 (512 PIM cards),7.010264594806737,64,448.65693406763114,453.4032808905848,0.09746416184234412,8,512,8,1,129280,,cent_simulation/output/master_attention/LPDDR4X/simulation_results_decode_only_long_context_midpoint_nCCD6.csv,56.08211675845389,1,1,0.125
Llama2-70B,4K,4096,DGX H100 (8 GPUs),5677.665596430829,1,5677.665596430829,4450.4,1.0,8,8,,,4096,256,DGX_H100_profile_results.csv,,,,
Llama2-70B,4K,4096,GDDR6 (128 PIM cards),1293.0716237614604,4,5172.286495045842,4753.292389435604,1.0680595877753918,32,128,32,1,2304,,cent_simulation/output/master_attention/GDDR6/simulation_results_decode_only_long_context_midpoint.csv,1293.0716237614604,228,32,1.0
Llama2-70B,4K,4096,LPDDR4X nCCD=2 (288 PIM cards),561.1894128368139,9,5050.704715531325,4295.803151089359,0.9652622575699621,32,288,32,1,2304,,cent_simulation/output/master_attention/LPDDR4X/simulation_results_decode_only_long_context_midpoint_nCCD2.csv,561.1894128368139,228,32,1.0
Llama2-70B,4K,4096,LPDDR4X nCCD=6 (512 PIM cards),296.8361100205708,16,4749.377760329133,4423.016697512744,0.9938470019577441,32,512,32,1,2304,,cent_simulation/output/master_attention/LPDDR4X/simulation_results_decode_only_long_context_midpoint_nCCD6.csv,296.8361100205708,228,32,1.0
Llama2-70B,32K,32768,DGX H100 (8 GPUs),1034.874363544746,1,1034.874363544746,4450.4,1.0,8,8,,,32768,32,DGX_H100_profile_results.csv,,,,
Llama2-70B,32K,32768,GDDR6 (128 PIM cards),266.65022140579237,4,1066.6008856231695,2759.9487665249935,0.6201574614697541,32,128,32,1,30976,,cent_simulation/output/master_attention/GDDR6/simulation_results_decode_only_long_context_midpoint.csv,304.7431101780484,28,28,0.875
Llama2-70B,32K,32768,LPDDR4X nCCD=2 (288 PIM cards),133.5225565914666,9,1201.7030093231995,2882.210254773228,0.6476294838156633,32,288,32,1,30976,,cent_simulation/output/master_attention/LPDDR4X/simulation_results_decode_only_long_context_midpoint_nCCD2.csv,152.5972075331047,28,28,0.875
Llama2-70B,32K,32768,LPDDR4X nCCD=6 (512 PIM cards),84.86761973961215,16,1357.8819158337944,3532.822953874221,0.7938214438868914,32,512,32,1,30976,,cent_simulation/output/master_attention/LPDDR4X/simulation_results_decode_only_long_context_midpoint_nCCD6.csv,96.9915654166996,28,28,0.875
Llama2-70B,128K,131072,DGX H100 (8 GPUs),275.52290806902136,1,275.52290806902136,4450.4,1.0,8,8,,,131072,8,DGX_H100_profile_results.csv,,,,
Llama2-70B,128K,131072,GDDR6 (128 PIM cards),18.412288589550847,4,73.64915435820339,611.9207160156606,0.13749791389889912,32,128,32,1,129280,,cent_simulation/output/master_attention/GDDR6/simulation_results_decode_only_long_context_midpoint.csv,84.17046212366103,7,7,0.21875
Llama2-70B,128K,131072,LPDDR4X nCCD=2 (288 PIM cards),9.556073353363466,9,86.0046601802712,662.1770366233188,0.14879045403184407,32,288,32,1,129280,,cent_simulation/output/master_attention/LPDDR4X/simulation_results_decode_only_long_context_midpoint_nCCD2.csv,43.68490675823299,7,7,0.21875
Llama2-70B,128K,131072,LPDDR4X nCCD=6 (512 PIM cards),6.423032505852786,16,102.76852009364458,855.0167600879013,0.19212132843966864,32,512,32,1,129280,,cent_simulation/output/master_attention/LPDDR4X/simulation_results_decode_only_long_context_midpoint_nCCD6.csv,29.36243431246988,7,7,0.21875
