Model,Context,Context window,System,Token energy (mJ),Throughput (tokens/s),System power (W),Power method,Device count,Pipeline parallelism,Tensor parallelism,Active sequence length,DGX batch,Source,Base trace throughput (tokens/s),Base throughput (tokens/s),Scale factor,Max resident microbatch,Microbatch used for throughput,Pipeline fill ratio
Llama2-7B,4K,4096,DGX H100 (8 GPUs),353.61325065559436,13155.615609356417,4652.0,fixed per-GPU power extrapolation,8,,,4096,512,DGX_H100_profile_results.csv,,,,,,
Llama2-7B,4K,4096,GDDR6 (128 PIM cards),97.13403292202548,42006.546967374336,4080.2653160695486,CENT trace-based token energy,128,8,1,2304,,cent_simulation/output/master_attention/GDDR6/simulation_results_decode_only_long_context_midpoint.csv,2625.409185460896,2625.409185460896,16,56,8,1.0
Llama2-7B,4K,4096,LPDDR4X nCCD=2 (288 PIM cards),87.2005000924832,45262.3230388754,3946.8972043374592,CENT trace-based token energy,288,8,1,2304,,cent_simulation/output/master_attention/LPDDR4X/simulation_results_decode_only_long_context_midpoint_nCCD2.csv,1257.2867510798724,1257.2867510798724,36,56,8,1.0
Llama2-7B,4K,4096,LPDDR4X nCCD=6 (512 PIM cards),95.42128512655854,45202.496357855685,4313.280293395172,CENT trace-based token energy,512,8,1,2304,,cent_simulation/output/master_attention/LPDDR4X/simulation_results_decode_only_long_context_midpoint_nCCD6.csv,706.2890055914951,706.2890055914951,64,56,8,1.0
Llama2-7B,32K,32768,DGX H100 (8 GPUs),1556.503693181818,2988.7497346635537,4652.0,fixed per-GPU power extrapolation,8,,,32768,64,DGX_H100_profile_results.csv,,,,,,
Llama2-7B,32K,32768,GDDR6 (128 PIM cards),309.60550616922626,6901.9474582984185,2136.880936379887,CENT trace-based token energy,128,8,1,30976,,cent_simulation/output/master_attention/GDDR6/simulation_results_decode_only_long_context_midpoint.csv,492.9962470213156,431.37171614365116,16,7,7,0.875
Llama2-7B,32K,32768,LPDDR4X nCCD=2 (288 PIM cards),279.44605030399947,8647.554090661039,2416.524835425421,CENT trace-based token energy,288,8,1,30976,,cent_simulation/output/master_attention/LPDDR4X/simulation_results_decode_only_long_context_midpoint_nCCD2.csv,274.525526687652,240.20983585169552,36,7,7,0.875
Llama2-7B,32K,32768,LPDDR4X nCCD=6 (512 PIM cards),302.1550537437414,10930.975558413556,3302.849507323972,CENT trace-based token energy,512,8,1,30976,,cent_simulation/output/master_attention/LPDDR4X/simulation_results_decode_only_long_context_midpoint_nCCD6.csv,195.1959921145278,170.79649310021182,64,7,7,0.875
Llama2-7B,128K,131072,DGX H100 (8 GPUs),5634.916718750002,825.5667709374695,4652.0,fixed per-GPU power extrapolation,8,,,131072,16,DGX_H100_profile_results.csv,,,,,,
Llama2-7B,128K,131072,GDDR6 (128 PIM cards),1038.0791287310574,260.51663289318435,270.4368792937055,CENT trace-based token energy,128,8,1,129280,,cent_simulation/output/master_attention/GDDR6/simulation_results_decode_only_long_context_midpoint.csv,130.25831644659218,16.282289555824022,16,1,1,0.125
Llama2-7B,128K,131072,LPDDR4X nCCD=2 (288 PIM cards),938.1594586280502,335.9639056470752,315.1877158404254,CENT trace-based token energy,288,8,1,129280,,cent_simulation/output/master_attention/LPDDR4X/simulation_results_decode_only_long_context_midpoint_nCCD2.csv,74.65864569935005,9.332330712418756,36,1,1,0.125
Llama2-7B,128K,131072,LPDDR4X nCCD=6 (512 PIM cards),1010.5790114061588,448.65693406763114,453.4032808905848,CENT trace-based token energy,512,8,1,129280,,cent_simulation/output/master_attention/LPDDR4X/simulation_results_decode_only_long_context_midpoint_nCCD6.csv,56.08211675845389,7.010264594806737,64,1,1,0.125
Llama2-70B,4K,4096,DGX H100 (8 GPUs),783.8432757994184,5677.665596430829,4450.4,fixed per-GPU power extrapolation,8,,,4096,256,DGX_H100_profile_results.csv,,,,,,
Llama2-70B,4K,4096,GDDR6 (128 PIM cards),918.9924792426788,5172.286495045842,4753.292389435604,CENT trace-based token energy,128,32,1,2304,,cent_simulation/output/master_attention/GDDR6/simulation_results_decode_only_long_context_midpoint.csv,1293.0716237614604,1293.0716237614604,4,228,32,1.0
Llama2-70B,4K,4096,LPDDR4X nCCD=2 (288 PIM cards),850.5353991254759,5050.704715531325,4295.803151089359,CENT trace-based token energy,288,32,1,2304,,cent_simulation/output/master_attention/LPDDR4X/simulation_results_decode_only_long_context_midpoint_nCCD2.csv,561.1894128368139,561.1894128368139,9,228,32,1.0
Llama2-70B,4K,4096,LPDDR4X nCCD=6 (512 PIM cards),931.2834061037562,4749.377760329133,4423.016697512744,CENT trace-based token energy,512,32,1,2304,,cent_simulation/output/master_attention/LPDDR4X/simulation_results_decode_only_long_context_midpoint_nCCD6.csv,296.8361100205708,296.8361100205708,16,228,32,1.0
Llama2-70B,32K,32768,DGX H100 (8 GPUs),4300.425401162788,1034.874363544746,4450.4,fixed per-GPU power extrapolation,8,,,32768,32,DGX_H100_profile_results.csv,,,,,,
Llama2-70B,32K,32768,GDDR6 (128 PIM cards),2587.6115459181087,1066.6008856231695,2759.9487665249935,CENT trace-based token energy,128,32,1,30976,,cent_simulation/output/master_attention/GDDR6/simulation_results_decode_only_long_context_midpoint.csv,304.7431101780484,266.65022140579237,4,28,28,0.875
Llama2-70B,32K,32768,LPDDR4X nCCD=2 (288 PIM cards),2398.4380769725226,1201.7030093231995,2882.210254773228,CENT trace-based token energy,288,32,1,30976,,cent_simulation/output/master_attention/LPDDR4X/simulation_results_decode_only_long_context_midpoint_nCCD2.csv,152.5972075331047,133.5225565914666,9,28,28,0.875
Llama2-70B,32K,32768,LPDDR4X nCCD=6 (512 PIM cards),2601.7158875740124,1357.8819158337944,3532.822953874221,CENT trace-based token energy,512,32,1,30976,,cent_simulation/output/master_attention/LPDDR4X/simulation_results_decode_only_long_context_midpoint_nCCD6.csv,96.9915654166996,84.86761973961215,16,28,28,0.875
Llama2-70B,128K,131072,DGX H100 (8 GPUs),16152.558896791,275.52290806902136,4450.4,fixed per-GPU power extrapolation,8,,,131072,8,DGX_H100_profile_results.csv,,,,,,
Llama2-70B,128K,131072,GDDR6 (128 PIM cards),8308.59120309101,73.64915435820339,611.9207160156606,CENT trace-based token energy,128,32,1,129280,,cent_simulation/output/master_attention/GDDR6/simulation_results_decode_only_long_context_midpoint.csv,84.17046212366103,18.412288589550847,4,7,7,0.21875
Llama2-70B,128K,131072,LPDDR4X nCCD=2 (288 PIM cards),7699.3157723704035,86.0046601802712,662.1770366233188,CENT trace-based token energy,288,32,1,129280,,cent_simulation/output/master_attention/LPDDR4X/simulation_results_decode_only_long_context_midpoint_nCCD2.csv,43.68490675823299,9.556073353363466,9,7,7,0.21875
Llama2-70B,128K,131072,LPDDR4X nCCD=6 (512 PIM cards),8319.831396898526,102.76852009364458,855.0167600879013,CENT trace-based token energy,512,32,1,129280,,cent_simulation/output/master_attention/LPDDR4X/simulation_results_decode_only_long_context_midpoint_nCCD6.csv,29.36243431246988,6.423032505852786,16,7,7,0.21875
