Case,Model,Context,Context window,Active sequence length,Trace throughput (tokens/s),Max throughput (tokens/s),Token latency (ms),Token energy (mJ),Pipeline parallelism,Tensor parallelism,Max resident microbatch,Microbatch used for throughput,Pipeline fill ratio,System power (W),Source CSV
GDDR6,Llama2-7B,4K,4096,2304,2625.409185460896,2625.409185460896,3.047144058268229,97.13403292202548,8,1,56,8,1.0,255.0165822543468,cent_simulation/output/master_attention/GDDR6/simulation_results_decode_only_long_context_midpoint.csv
GDDR6,Llama2-7B,32K,32768,30976,492.9962470213156,431.37171614365116,16.227304058268228,309.60550616922626,8,1,7,7,0.875,133.55505852374293,cent_simulation/output/master_attention/GDDR6/simulation_results_decode_only_long_context_midpoint.csv
GDDR6,Llama2-7B,128K,131072,129280,130.25831644659218,16.282289555824022,61.41642405826824,1038.0791287310574,8,1,1,1,0.125,16.902304955856593,cent_simulation/output/master_attention/GDDR6/simulation_results_decode_only_long_context_midpoint.csv
GDDR6,Llama2-70B,4K,4096,2304,1293.0716237614604,1293.0716237614604,24.7472757208252,918.9924792426788,32,1,228,32,1.0,1188.323097358901,cent_simulation/output/master_attention/GDDR6/simulation_results_decode_only_long_context_midpoint.csv
GDDR6,Llama2-70B,32K,32768,30976,304.7431101780484,266.65022140579237,105.0064757208252,2587.6115459181087,32,1,28,28,0.875,689.9871916312484,cent_simulation/output/master_attention/GDDR6/simulation_results_decode_only_long_context_midpoint.csv
GDDR6,Llama2-70B,128K,131072,129280,84.17046212366103,18.412288589550847,380.1808757208252,8308.59120309101,32,1,7,7,0.21875,152.98017900391514,cent_simulation/output/master_attention/GDDR6/simulation_results_decode_only_long_context_midpoint.csv
LPDDR4X nCCD=2,Llama2-7B,4K,4096,2304,1257.2867510798724,1257.2867510798724,6.3629080582682285,87.2005000924832,8,1,56,8,1.0,109.63603345381831,cent_simulation/output/master_attention/LPDDR4X/simulation_results_decode_only_long_context_midpoint_nCCD2.csv
LPDDR4X nCCD=2,Llama2-7B,32K,32768,30976,274.525526687652,240.20983585169552,29.141188058268227,279.44605030399947,8,1,7,7,0.875,67.12568987292836,cent_simulation/output/master_attention/LPDDR4X/simulation_results_decode_only_long_context_midpoint_nCCD2.csv
LPDDR4X nCCD=2,Llama2-7B,128K,131072,129280,74.65864569935005,9.332330712418756,107.15436805826825,938.1594586280502,8,1,1,1,0.125,8.755214328900705,cent_simulation/output/master_attention/LPDDR4X/simulation_results_decode_only_long_context_midpoint_nCCD2.csv
LPDDR4X nCCD=2,Llama2-70B,4K,4096,2304,561.1894128368139,561.1894128368139,57.0217457208252,850.5353991254759,32,1,228,32,1.0,477.311461232151,cent_simulation/output/master_attention/LPDDR4X/simulation_results_decode_only_long_context_midpoint_nCCD2.csv
LPDDR4X nCCD=2,Llama2-70B,32K,32768,30976,152.5972075331047,133.5225565914666,209.7023957208252,2398.4380769725226,32,1,28,28,0.875,320.245583863692,cent_simulation/output/master_attention/LPDDR4X/simulation_results_decode_only_long_context_midpoint_nCCD2.csv
LPDDR4X nCCD=2,Llama2-70B,128K,131072,129280,43.68490675823299,9.556073353363466,732.5184457208252,7699.3157723704035,32,1,7,7,0.21875,73.57522629147986,cent_simulation/output/master_attention/LPDDR4X/simulation_results_decode_only_long_context_midpoint_nCCD2.csv
LPDDR4X nCCD=6,Llama2-7B,4K,4096,2304,706.2890055914951,706.2890055914951,11.326808058268227,95.42128512655854,8,1,56,8,1.0,67.39500458429956,cent_simulation/output/master_attention/LPDDR4X/simulation_results_decode_only_long_context_midpoint_nCCD6.csv
LPDDR4X nCCD=6,Llama2-7B,32K,32768,30976,195.1959921145278,170.79649310021182,40.98444805826824,302.1550537437414,8,1,7,7,0.875,51.60702355193706,cent_simulation/output/master_attention/LPDDR4X/simulation_results_decode_only_long_context_midpoint_nCCD6.csv
LPDDR4X nCCD=6,Llama2-7B,128K,131072,129280,56.08211675845389,7.010264594806737,142.64796805826822,1010.5790114061588,8,1,1,1,0.125,7.084426263915388,cent_simulation/output/master_attention/LPDDR4X/simulation_results_decode_only_long_context_midpoint_nCCD6.csv
LPDDR4X nCCD=6,Llama2-70B,4K,4096,2304,296.8361100205708,296.8361100205708,107.8035957208252,931.2834061037562,32,1,228,32,1.0,276.4385435945465,cent_simulation/output/master_attention/LPDDR4X/simulation_results_decode_only_long_context_midpoint_nCCD6.csv
LPDDR4X nCCD=6,Llama2-70B,32K,32768,30976,96.9915654166996,84.86761973961215,329.9255957208252,2601.7158875740124,32,1,28,28,0.875,220.80143461713882,cent_simulation/output/master_attention/LPDDR4X/simulation_results_decode_only_long_context_midpoint_nCCD6.csv
LPDDR4X nCCD=6,Llama2-70B,128K,131072,129280,29.36243431246988,6.423032505852786,1089.8278957208252,8319.831396898526,32,1,7,7,0.21875,53.43854750549383,cent_simulation/output/master_attention/LPDDR4X/simulation_results_decode_only_long_context_midpoint_nCCD6.csv
